country_region_code,country_region,sub_region_1,sub_region_2,metro_area,iso_3166_2_code,census_fips_code,place_id,date,retail_and_recreation_percent_change_from_baseline,grocery_and_pharmacy_percent_change_from_baseline,parks_percent_change_from_baseline,transit_stations_percent_change_from_baseline,workplaces_percent_change_from_baseline,residential_percent_change_from_baseline
GB,United Kingdom,,,,,,ChIJqZHHQhE7WgIReiWIMkOg-MQ,15/02/2020,-12,-7,-35,-12,-4,2
GB,United Kingdom,,,,,,ChIJqZHHQhE7WgIReiWIMkOg-MQ,16/02/2020,-7,-6,-28,-7,-3,1
GB,United Kingdom,,,,,,ChIJqZHHQhE7WgIReiWIMkOg-MQ,17/02/2020,10,1,24,-2,-14,2
GB,United Kingdom,,,,,,ChIJqZHHQhE7WgIReiWIMkOg-MQ,18/02/2020,7,-1,20,-3,-14,2
GB,United Kingdom,,,,,,ChIJqZHHQhE7WgIReiWIMkOg-MQ,19/02/2020,6,-2,8,-4,-14,3
GB,United Kingdom,,,,,,ChIJqZHHQhE7WgIReiWIMkOg-MQ,20/02/2020,5,-2,4,-5,-14,3
GB,United Kingdom,,,,,,ChIJqZHHQhE7WgIReiWIMkOg-MQ,21/02/2020,5,-1,10,-3,-15,3
GB,United Kingdom,,,,,,ChIJqZHHQhE7WgIReiWIMkOg-MQ,22/02/2020,-4,-2,-7,-2,-2,1
GB,United Kingdom,,,,,,ChIJqZHHQhE7WgIReiWIMkOg-MQ,23/02/2020,-1,-2,-5,3,-1,0
GB,United Kingdom,,,,,,ChIJqZHHQhE7WgIReiWIMkOg-MQ,24/02/2020,-3,-1,-9,-2,-2,1
GB,United Kingdom,,,,,,ChIJqZHHQhE7WgIReiWIMkOg-MQ,25/02/2020,-1,4,3,1,1,0
GB,United Kingdom,,,,,,ChIJqZHHQhE7WgIReiWIMkOg-MQ,26/02/2020,1,0,6,-1,1,0
GB,United Kingdom,,,,,,ChIJqZHHQhE7WgIReiWIMkOg-MQ,27/02/2020,2,1,8,0,0,0
GB,United Kingdom,,,,,,ChIJqZHHQhE7WgIReiWIMkOg-MQ,28/02/2020,1,1,-13,0,-1,1
GB,United Kingdom,,,,,,ChIJqZHHQhE7WgIReiWIMkOg-MQ,29/02/2020,1,1,-14,-2,0,0
GB,United Kingdom,,,,,,ChIJqZHHQhE7WgIReiWIMkOg-MQ,01/03/2020,7,2,14,5,1,-1
GB,United Kingdom,,,,,,ChIJqZHHQhE7WgIReiWIMkOg-MQ,02/03/2020,4,4,14,0,1,0
GB,United Kingdom,,,,,,ChIJqZHHQhE7WgIReiWIMkOg-MQ,03/03/2020,2,3,11,-1,1,0
GB,United Kingdom,,,,,,ChIJqZHHQhE7WgIReiWIMkOg-MQ,04/03/2020,2,3,2,-2,1,1
GB,United Kingdom,,,,,,ChIJqZHHQhE7WgIReiWIMkOg-MQ,05/03/2020,-1,2,1,-3,0,1
GB,United Kingdom,,,,,,ChIJqZHHQhE7WgIReiWIMkOg-MQ,06/03/2020,5,6,22,1,1,0
GB,United Kingdom,,,,,,ChIJqZHHQhE7WgIReiWIMkOg-MQ,07/03/2020,0,2,7,-1,1,0
GB,United Kingdom,,,,,,ChIJqZHHQhE7WgIReiWIMkOg-MQ,08/03/2020,4,2,15,2,1,-1
GB,United Kingdom,,,,,,ChIJqZHHQhE7WgIReiWIMkOg-MQ,09/03/2020,0,4,4,-3,0,1
GB,United Kingdom,,,,,,ChIJqZHHQhE7WgIReiWIMkOg-MQ,10/03/2020,-2,5,4,-4,0,1
GB,United Kingdom,,,,,,ChIJqZHHQhE7WgIReiWIMkOg-MQ,11/03/2020,0,5,10,-6,0,1
GB,United Kingdom,,,,,,ChIJqZHHQhE7WgIReiWIMkOg-MQ,12/03/2020,-1,11,5,-8,-1,2
GB,United Kingdom,,,,,,ChIJqZHHQhE7WgIReiWIMkOg-MQ,13/03/2020,-2,11,12,-9,-4,2
GB,United Kingdom,,,,,,ChIJqZHHQhE7WgIReiWIMkOg-MQ,14/03/2020,-10,7,1,-15,-2,2
GB,United Kingdom,,,,,,ChIJqZHHQhE7WgIReiWIMkOg-MQ,15/03/2020,-11,7,-1,-16,-4,2
GB,United Kingdom,,,,,,ChIJqZHHQhE7WgIReiWIMkOg-MQ,16/03/2020,-3,20,29,-16,-9,4
GB,United Kingdom,,,,,,ChIJqZHHQhE7WgIReiWIMkOg-MQ,17/03/2020,-15,21,6,-27,-16,7
GB,United Kingdom,,,,,,ChIJqZHHQhE7WgIReiWIMkOg-MQ,18/03/2020,-21,22,-3,-34,-23,10
GB,United Kingdom,,,,,,ChIJqZHHQhE7WgIReiWIMkOg-MQ,19/03/2020,-21,24,2,-37,-27,11
GB,United Kingdom,,,,,,ChIJqZHHQhE7WgIReiWIMkOg-MQ,20/03/2020,-28,10,6,-40,-29,13
GB,United Kingdom,,,,,,ChIJqZHHQhE7WgIReiWIMkOg-MQ,21/03/2020,-50,1,2,-46,-25,11
GB,United Kingdom,,,,,,ChIJqZHHQhE7WgIReiWIMkOg-MQ,22/03/2020,-56,-14,20,-46,-30,9
GB,United Kingdom,,,,,,ChIJqZHHQhE7WgIReiWIMkOg-MQ,23/03/2020,-45,-8,1,-53,-45,17
GB,United Kingdom,,,,,,ChIJqZHHQhE7WgIReiWIMkOg-MQ,24/03/2020,-71,-24,-14,-64,-58,24
GB,United Kingdom,,,,,,ChIJqZHHQhE7WgIReiWIMkOg-MQ,25/03/2020,-73,-26,-12,-68,-64,26
GB,United Kingdom,,,,,,ChIJqZHHQhE7WgIReiWIMkOg-MQ,26/03/2020,-74,-28,-11,-70,-66,27
GB,United Kingdom,,,,,,ChIJqZHHQhE7WgIReiWIMkOg-MQ,27/03/2020,-76,-29,-26,-71,-66,28
GB,United Kingdom,,,,,,ChIJqZHHQhE7WgIReiWIMkOg-MQ,28/03/2020,-83,-39,-54,-74,-57,20
GB,United Kingdom,,,,,,ChIJqZHHQhE7WgIReiWIMkOg-MQ,29/03/2020,-85,-46,-52,-75,-55,15
GB,United Kingdom,,,,,,ChIJqZHHQhE7WgIReiWIMkOg-MQ,30/03/2020,-74,-32,-33,-73,-69,27
GB,United Kingdom,,,,,,ChIJqZHHQhE7WgIReiWIMkOg-MQ,31/03/2020,-74,-30,-21,-72,-70,27
GB,United Kingdom,,,,,,ChIJqZHHQhE7WgIReiWIMkOg-MQ,01/04/2020,-75,-32,-29,-73,-69,28
GB,United Kingdom,,,,,,ChIJqZHHQhE7WgIReiWIMkOg-MQ,02/04/2020,-75,-32,-24,-73,-70,29
GB,United Kingdom,,,,,,ChIJqZHHQhE7WgIReiWIMkOg-MQ,03/04/2020,-76,-30,-25,-72,-69,29
GB,United Kingdom,,,,,,ChIJqZHHQhE7WgIReiWIMkOg-MQ,04/04/2020,-81,-36,-38,-72,-57,19
GB,United Kingdom,,,,,,ChIJqZHHQhE7WgIReiWIMkOg-MQ,05/04/2020,-82,-41,-29,-70,-54,15
GB,United Kingdom,,,,,,ChIJqZHHQhE7WgIReiWIMkOg-MQ,06/04/2020,-73,-31,-20,-72,-70,27
GB,United Kingdom,,,,,,ChIJqZHHQhE7WgIReiWIMkOg-MQ,07/04/2020,-73,-29,-7,-69,-70,27
GB,United Kingdom,,,,,,ChIJqZHHQhE7WgIReiWIMkOg-MQ,08/04/2020,-73,-27,-14,-70,-70,27
GB,United Kingdom,,,,,,ChIJqZHHQhE7WgIReiWIMkOg-MQ,09/04/2020,-71,-20,-13,-70,-70,27
GB,United Kingdom,,,,,,ChIJqZHHQhE7WgIReiWIMkOg-MQ,10/04/2020,-78,-33,-18,-75,-80,32
GB,United Kingdom,,,,,,ChIJqZHHQhE7WgIReiWIMkOg-MQ,11/04/2020,-81,-32,-37,-70,-57,19
GB,United Kingdom,,,,,,ChIJqZHHQhE7WgIReiWIMkOg-MQ,12/04/2020,-89,-63,-33,-71,-58,16
GB,United Kingdom,,,,,,ChIJqZHHQhE7WgIReiWIMkOg-MQ,13/04/2020,-78,-41,-21,-78,-83,31
GB,United Kingdom,,,,,,ChIJqZHHQhE7WgIReiWIMkOg-MQ,14/04/2020,-71,-26,-10,-69,-70,27
GB,United Kingdom,,,,,,ChIJqZHHQhE7WgIReiWIMkOg-MQ,15/04/2020,-72,-27,-6,-69,-69,27
GB,United Kingdom,,,,,,ChIJqZHHQhE7WgIReiWIMkOg-MQ,16/04/2020,-73,-27,-7,-70,-69,28
GB,United Kingdom,,,,,,ChIJqZHHQhE7WgIReiWIMkOg-MQ,17/04/2020,-75,-30,-33,-71,-68,29
GB,United Kingdom,,,,,,ChIJqZHHQhE7WgIReiWIMkOg-MQ,18/04/2020,-81,-37,-47,-71,-54,19
GB,United Kingdom,,,,,,ChIJqZHHQhE7WgIReiWIMkOg-MQ,19/04/2020,-80,-40,-12,-66,-49,14
GB,United Kingdom,,,,,,ChIJqZHHQhE7WgIReiWIMkOg-MQ,20/04/2020,-71,-30,-2,-68,-67,25
GB,United Kingdom,,,,,,ChIJqZHHQhE7WgIReiWIMkOg-MQ,21/04/2020,-72,-28,2,-67,-67,26
GB,United Kingdom,,,,,,ChIJqZHHQhE7WgIReiWIMkOg-MQ,22/04/2020,-72,-28,1,-67,-66,27
GB,United Kingdom,,,,,,ChIJqZHHQhE7WgIReiWIMkOg-MQ,23/04/2020,-72,-27,6,-67,-66,27
GB,United Kingdom,,,,,,ChIJqZHHQhE7WgIReiWIMkOg-MQ,24/04/2020,-73,-26,-4,-66,-65,27
GB,United Kingdom,,,,,,ChIJqZHHQhE7WgIReiWIMkOg-MQ,25/04/2020,-78,-32,-23,-65,-51,18
GB,United Kingdom,,,,,,ChIJqZHHQhE7WgIReiWIMkOg-MQ,26/04/2020,-78,-37,-10,-64,-48,14
GB,United Kingdom,,,,,,ChIJqZHHQhE7WgIReiWIMkOg-MQ,27/04/2020,-69,-29,-3,-66,-65,25
GB,United Kingdom,,,,,,ChIJqZHHQhE7WgIReiWIMkOg-MQ,28/04/2020,-74,-33,-42,-71,-66,25
GB,United Kingdom,,,,,,ChIJqZHHQhE7WgIReiWIMkOg-MQ,29/04/2020,-73,-30,-31,-69,-66,27
GB,United Kingdom,,,,,,ChIJqZHHQhE7WgIReiWIMkOg-MQ,30/04/2020,-74,-28,-31,-69,-66,27
GB,United Kingdom,,,,,,ChIJqZHHQhE7WgIReiWIMkOg-MQ,01/05/2020,-74,-27,-22,-67,-64,27
GB,United Kingdom,,,,,,ChIJqZHHQhE7WgIReiWIMkOg-MQ,02/05/2020,-78,-30,-18,-63,-49,17
GB,United Kingdom,,,,,,ChIJqZHHQhE7WgIReiWIMkOg-MQ,03/05/2020,-79,-37,-21,-64,-46,14
GB,United Kingdom,,,,,,ChIJqZHHQhE7WgIReiWIMkOg-MQ,04/05/2020,-69,-27,4,-64,-64,24
GB,United Kingdom,,,,,,ChIJqZHHQhE7WgIReiWIMkOg-MQ,05/05/2020,-70,-25,4,-64,-64,25
GB,United Kingdom,,,,,,ChIJqZHHQhE7WgIReiWIMkOg-MQ,06/05/2020,-69,-22,16,-62,-63,25
GB,United Kingdom,,,,,,ChIJqZHHQhE7WgIReiWIMkOg-MQ,07/05/2020,-67,-15,16,-62,-63,25
GB,United Kingdom,,,,,,ChIJqZHHQhE7WgIReiWIMkOg-MQ,08/05/2020,-75,-28,14,-68,-77,30
GB,United Kingdom,,,,,,ChIJqZHHQhE7WgIReiWIMkOg-MQ,09/05/2020,-78,-29,-6,-62,-48,17
GB,United Kingdom,,,,,,ChIJqZHHQhE7WgIReiWIMkOg-MQ,10/05/2020,-80,-37,-38,-68,-45,14
GB,United Kingdom,,,,,,ChIJqZHHQhE7WgIReiWIMkOg-MQ,11/05/2020,-67,-25,-8,-64,-62,24
GB,United Kingdom,,,,,,ChIJqZHHQhE7WgIReiWIMkOg-MQ,12/05/2020,-68,-23,7,-62,-62,24
GB,United Kingdom,,,,,,ChIJqZHHQhE7WgIReiWIMkOg-MQ,13/05/2020,-68,-23,6,-62,-61,25
GB,United Kingdom,,,,,,ChIJqZHHQhE7WgIReiWIMkOg-MQ,14/05/2020,-67,-21,28,-61,-61,23
GB,United Kingdom,,,,,,ChIJqZHHQhE7WgIReiWIMkOg-MQ,15/05/2020,-69,-21,21,-60,-60,24
GB,United Kingdom,,,,,,ChIJqZHHQhE7WgIReiWIMkOg-MQ,16/05/2020,-74,-25,5,-58,-43,15
GB,United Kingdom,,,,,,ChIJqZHHQhE7WgIReiWIMkOg-MQ,17/05/2020,-74,-29,27,-55,-39,12
GB,United Kingdom,,,,,,ChIJqZHHQhE7WgIReiWIMkOg-MQ,18/05/2020,-63,-20,36,-59,-59,22
GB,United Kingdom,,,,,,ChIJqZHHQhE7WgIReiWIMkOg-MQ,19/05/2020,-64,-18,51,-57,-59,22
GB,United Kingdom,,,,,,ChIJqZHHQhE7WgIReiWIMkOg-MQ,20/05/2020,-64,-16,68,-56,-59,22
GB,United Kingdom,,,,,,ChIJqZHHQhE7WgIReiWIMkOg-MQ,21/05/2020,-64,-16,51,-58,-59,23
GB,United Kingdom,,,,,,ChIJqZHHQhE7WgIReiWIMkOg-MQ,22/05/2020,-66,-18,14,-59,-58,24
GB,United Kingdom,,,,,,ChIJqZHHQhE7WgIReiWIMkOg-MQ,23/05/2020,-72,-23,-12,-59,-41,15
GB,United Kingdom,,,,,,ChIJqZHHQhE7WgIReiWIMkOg-MQ,24/05/2020,-71,-25,38,-52,-36,11
GB,United Kingdom,,,,,,ChIJqZHHQhE7WgIReiWIMkOg-MQ,25/05/2020,-64,-23,136,-60,-77,24
GB,United Kingdom,,,,,,ChIJqZHHQhE7WgIReiWIMkOg-MQ,26/05/2020,-60,-14,66,-55,-59,21
GB,United Kingdom,,,,,,ChIJqZHHQhE7WgIReiWIMkOg-MQ,27/05/2020,-61,-15,65,-55,-58,22
GB,United Kingdom,,,,,,ChIJqZHHQhE7WgIReiWIMkOg-MQ,28/05/2020,-60,-12,77,-55,-58,22
GB,United Kingdom,,,,,,ChIJqZHHQhE7WgIReiWIMkOg-MQ,29/05/2020,-62,-12,67,-53,-56,22
GB,United Kingdom,,,,,,ChIJqZHHQhE7WgIReiWIMkOg-MQ,30/05/2020,-69,-16,48,-49,-31,12
GB,United Kingdom,,,,,,ChIJqZHHQhE7WgIReiWIMkOg-MQ,31/05/2020,-67,-19,67,-45,-26,9
GB,United Kingdom,,,,,,ChIJqZHHQhE7WgIReiWIMkOg-MQ,01/06/2020,-56,-13,74,-51,-53,19
GB,United Kingdom,,,,,,ChIJqZHHQhE7WgIReiWIMkOg-MQ,02/06/2020,-59,-15,78,-51,-54,19
GB,United Kingdom,,,,,,ChIJqZHHQhE7WgIReiWIMkOg-MQ,03/06/2020,-62,-19,0,-57,-54,22
GB,United Kingdom,,,,,,ChIJqZHHQhE7WgIReiWIMkOg-MQ,04/06/2020,-61,-17,19,-56,-54,22
GB,United Kingdom,,,,,,ChIJqZHHQhE7WgIReiWIMkOg-MQ,05/06/2020,-63,-17,9,-56,-53,22
GB,United Kingdom,,,,,,ChIJqZHHQhE7WgIReiWIMkOg-MQ,06/06/2020,-70,-22,-17,-57,-33,14
GB,United Kingdom,,,,,,ChIJqZHHQhE7WgIReiWIMkOg-MQ,07/06/2020,-67,-23,22,-51,-28,10
GB,United Kingdom,,,,,,ChIJqZHHQhE7WgIReiWIMkOg-MQ,08/06/2020,-56,-17,44,-54,-52,19
GB,United Kingdom,,,,,,ChIJqZHHQhE7WgIReiWIMkOg-MQ,09/06/2020,-58,-17,56,-53,-52,20
GB,United Kingdom,,,,,,ChIJqZHHQhE7WgIReiWIMkOg-MQ,10/06/2020,-61,-19,-1,-58,-52,21
GB,United Kingdom,,,,,,ChIJqZHHQhE7WgIReiWIMkOg-MQ,11/06/2020,-59,-17,15,-58,-52,21
GB,United Kingdom,,,,,,ChIJqZHHQhE7WgIReiWIMkOg-MQ,12/06/2020,-61,-17,6,-57,-51,21
GB,United Kingdom,,,,,,ChIJqZHHQhE7WgIReiWIMkOg-MQ,13/06/2020,-65,-17,41,-49,-24,11
GB,United Kingdom,,,,,,ChIJqZHHQhE7WgIReiWIMkOg-MQ,14/06/2020,-63,-20,65,-46,-19,8
GB,United Kingdom,,,,,,ChIJqZHHQhE7WgIReiWIMkOg-MQ,15/06/2020,-46,-14,63,-50,-50,18
GB,United Kingdom,,,,,,ChIJqZHHQhE7WgIReiWIMkOg-MQ,16/06/2020,-50,-13,53,-51,-50,19
GB,United Kingdom,,,,,,ChIJqZHHQhE7WgIReiWIMkOg-MQ,17/06/2020,-52,-14,34,-52,-50,19
GB,United Kingdom,,,,,,ChIJqZHHQhE7WgIReiWIMkOg-MQ,18/06/2020,-54,-15,8,-56,-52,20
GB,United Kingdom,,,,,,ChIJqZHHQhE7WgIReiWIMkOg-MQ,19/06/2020,-53,-11,20,-52,-50,19
GB,United Kingdom,,,,,,ChIJqZHHQhE7WgIReiWIMkOg-MQ,20/06/2020,-57,-10,49,-43,-20,9
GB,United Kingdom,,,,,,ChIJqZHHQhE7WgIReiWIMkOg-MQ,21/06/2020,-58,-17,37,-44,-14,7
GB,United Kingdom,,,,,,ChIJqZHHQhE7WgIReiWIMkOg-MQ,22/06/2020,-45,-13,72,-49,-51,17
GB,United Kingdom,,,,,,ChIJqZHHQhE7WgIReiWIMkOg-MQ,23/06/2020,-48,-10,90,-48,-51,17
GB,United Kingdom,,,,,,ChIJqZHHQhE7WgIReiWIMkOg-MQ,24/06/2020,-49,-8,98,-47,-49,17
GB,United Kingdom,,,,,,ChIJqZHHQhE7WgIReiWIMkOg-MQ,25/06/2020,-49,-6,102,-47,-49,17
GB,United Kingdom,,,,,,ChIJqZHHQhE7WgIReiWIMkOg-MQ,26/06/2020,-51,-9,50,-48,-49,18
GB,United Kingdom,,,,,,ChIJqZHHQhE7WgIReiWIMkOg-MQ,27/06/2020,-59,-15,-7,-49,-24,11
GB,United Kingdom,,,,,,ChIJqZHHQhE7WgIReiWIMkOg-MQ,28/06/2020,-56,-19,22,-46,-17,8
GB,United Kingdom,,,,,,ChIJqZHHQhE7WgIReiWIMkOg-MQ,29/06/2020,-45,-14,22,-50,-49,17
GB,United Kingdom,,,,,,ChIJqZHHQhE7WgIReiWIMkOg-MQ,30/06/2020,-45,-12,34,-50,-48,17
GB,United Kingdom,,,,,,ChIJqZHHQhE7WgIReiWIMkOg-MQ,01/07/2020,-47,-13,34,-49,-48,17
GB,United Kingdom,,,,,,ChIJqZHHQhE7WgIReiWIMkOg-MQ,02/07/2020,-47,-11,39,-49,-48,17
GB,United Kingdom,,,,,,ChIJqZHHQhE7WgIReiWIMkOg-MQ,03/07/2020,-49,-12,20,-49,-47,18
GB,United Kingdom,,,,,,ChIJqZHHQhE7WgIReiWIMkOg-MQ,04/07/2020,-51,-15,13,-41,-18,8
GB,United Kingdom,,,,,,ChIJqZHHQhE7WgIReiWIMkOg-MQ,05/07/2020,-48,-18,53,-37,-14,6
GB,United Kingdom,,,,,,ChIJqZHHQhE7WgIReiWIMkOg-MQ,06/07/2020,-36,-11,76,-43,-48,14
GB,United Kingdom,,,,,,ChIJqZHHQhE7WgIReiWIMkOg-MQ,07/07/2020,-40,-12,52,-45,-48,16
GB,United Kingdom,,,,,,ChIJqZHHQhE7WgIReiWIMkOg-MQ,08/07/2020,-42,-14,29,-47,-47,16
GB,United Kingdom,,,,,,ChIJqZHHQhE7WgIReiWIMkOg-MQ,09/07/2020,-42,-12,38,-46,-47,16
GB,United Kingdom,,,,,,ChIJqZHHQhE7WgIReiWIMkOg-MQ,10/07/2020,-41,-10,67,-40,-46,14
GB,United Kingdom,,,,,,ChIJqZHHQhE7WgIReiWIMkOg-MQ,11/07/2020,-47,-12,69,-32,-14,6
GB,United Kingdom,,,,,,ChIJqZHHQhE7WgIReiWIMkOg-MQ,12/07/2020,-43,-15,103,-27,-10,3
GB,United Kingdom,,,,,,ChIJqZHHQhE7WgIReiWIMkOg-MQ,13/07/2020,-35,-11,71,-42,-48,14
GB,United Kingdom,,,,,,ChIJqZHHQhE7WgIReiWIMkOg-MQ,14/07/2020,-36,-11,73,-43,-48,15
GB,United Kingdom,,,,,,ChIJqZHHQhE7WgIReiWIMkOg-MQ,15/07/2020,-33,-13,52,-47,-46,15
GB,United Kingdom,,,,,,ChIJqZHHQhE7WgIReiWIMkOg-MQ,16/07/2020,-31,-10,85,-45,-45,14
GB,United Kingdom,,,,,,ChIJqZHHQhE7WgIReiWIMkOg-MQ,17/07/2020,-33,-10,93,-41,-44,13
GB,United Kingdom,,,,,,ChIJqZHHQhE7WgIReiWIMkOg-MQ,18/07/2020,-40,-13,61,-35,-14,5
GB,United Kingdom,,,,,,ChIJqZHHQhE7WgIReiWIMkOg-MQ,19/07/2020,-35,-16,78,-32,-10,3
GB,United Kingdom,,,,,,ChIJqZHHQhE7WgIReiWIMkOg-MQ,20/07/2020,-25,-9,114,-42,-48,13
GB,United Kingdom,,,,,,ChIJqZHHQhE7WgIReiWIMkOg-MQ,21/07/2020,-28,-10,116,-43,-48,13
GB,United Kingdom,,,,,,ChIJqZHHQhE7WgIReiWIMkOg-MQ,22/07/2020,-29,-11,89,-44,-46,14
GB,United Kingdom,,,,,,ChIJqZHHQhE7WgIReiWIMkOg-MQ,23/07/2020,-30,-9,81,-45,-47,14
GB,United Kingdom,,,,,,ChIJqZHHQhE7WgIReiWIMkOg-MQ,24/07/2020,-32,-12,95,-40,-46,13
GB,United Kingdom,,,,,,ChIJqZHHQhE7WgIReiWIMkOg-MQ,25/07/2020,-40,-16,25,-37,-15,6
GB,United Kingdom,,,,,,ChIJqZHHQhE7WgIReiWIMkOg-MQ,26/07/2020,-33,-17,78,-30,-9,3
GB,United Kingdom,,,,,,ChIJqZHHQhE7WgIReiWIMkOg-MQ,27/07/2020,-29,-14,40,-46,-51,14
GB,United Kingdom,,,,,,ChIJqZHHQhE7WgIReiWIMkOg-MQ,28/07/2020,-26,-10,100,-42,-48,14
GB,United Kingdom,,,,,,ChIJqZHHQhE7WgIReiWIMkOg-MQ,29/07/2020,-25,-10,107,-41,-48,13
GB,United Kingdom,,,,,,ChIJqZHHQhE7WgIReiWIMkOg-MQ,30/07/2020,-23,-7,120,-41,-48,13
GB,United Kingdom,,,,,,ChIJqZHHQhE7WgIReiWIMkOg-MQ,31/07/2020,-29,-11,120,-37,-48,11
GB,United Kingdom,,,,,,ChIJqZHHQhE7WgIReiWIMkOg-MQ,01/08/2020,-36,-14,72,-30,-14,4
GB,United Kingdom,,,,,,ChIJqZHHQhE7WgIReiWIMkOg-MQ,02/08/2020,-28,-15,93,-27,-9,2
GB,United Kingdom,,,,,,ChIJqZHHQhE7WgIReiWIMkOg-MQ,03/08/2020,-15,-11,115,-39,-49,11
GB,United Kingdom,,,,,,ChIJqZHHQhE7WgIReiWIMkOg-MQ,04/08/2020,-19,-13,89,-42,-49,13
GB,United Kingdom,,,,,,ChIJqZHHQhE7WgIReiWIMkOg-MQ,05/08/2020,-16,-13,86,-43,-48,13
GB,United Kingdom,,,,,,ChIJqZHHQhE7WgIReiWIMkOg-MQ,06/08/2020,-23,-10,120,-42,-48,12
GB,United Kingdom,,,,,,ChIJqZHHQhE7WgIReiWIMkOg-MQ,07/08/2020,-28,-12,114,-39,-48,11
GB,United Kingdom,,,,,,ChIJqZHHQhE7WgIReiWIMkOg-MQ,08/08/2020,-35,-14,92,-31,-13,3
GB,United Kingdom,,,,,,ChIJqZHHQhE7WgIReiWIMkOg-MQ,09/08/2020,-28,-15,103,-27,-8,1
GB,United Kingdom,,,,,,ChIJqZHHQhE7WgIReiWIMkOg-MQ,10/08/2020,-11,-11,118,-40,-48,11
GB,United Kingdom,,,,,,ChIJqZHHQhE7WgIReiWIMkOg-MQ,11/08/2020,-13,-11,118,-41,-48,12
GB,United Kingdom,,,,,,ChIJqZHHQhE7WgIReiWIMkOg-MQ,12/08/2020,-14,-11,100,-42,-47,12
GB,United Kingdom,,,,,,ChIJqZHHQhE7WgIReiWIMkOg-MQ,13/08/2020,-24,-10,89,-43,-48,13
GB,United Kingdom,,,,,,ChIJqZHHQhE7WgIReiWIMkOg-MQ,14/08/2020,-26,-12,76,-39,-46,12
GB,United Kingdom,,,,,,ChIJqZHHQhE7WgIReiWIMkOg-MQ,15/08/2020,-33,-15,50,-33,-13,4
GB,United Kingdom,,,,,,ChIJqZHHQhE7WgIReiWIMkOg-MQ,16/08/2020,-29,-18,52,-32,-10,3
GB,United Kingdom,,,,,,ChIJqZHHQhE7WgIReiWIMkOg-MQ,17/08/2020,-9,-14,80,-41,-48,11
GB,United Kingdom,,,,,,ChIJqZHHQhE7WgIReiWIMkOg-MQ,18/08/2020,-11,-13,93,-41,-46,12
GB,United Kingdom,,,,,,ChIJqZHHQhE7WgIReiWIMkOg-MQ,19/08/2020,-15,-17,39,-44,-46,13
GB,United Kingdom,,,,,,ChIJqZHHQhE7WgIReiWIMkOg-MQ,20/08/2020,-19,-10,121,-40,-46,11
GB,United Kingdom,,,,,,ChIJqZHHQhE7WgIReiWIMkOg-MQ,21/08/2020,-26,-13,56,-40,-45,12
GB,United Kingdom,,,,,,ChIJqZHHQhE7WgIReiWIMkOg-MQ,22/08/2020,-31,-15,53,-32,-11,4
GB,United Kingdom,,,,,,ChIJqZHHQhE7WgIReiWIMkOg-MQ,23/08/2020,-26,-17,64,-29,-7,2
GB,United Kingdom,,,,,,ChIJqZHHQhE7WgIReiWIMkOg-MQ,24/08/2020,-3,-12,105,-38,-46,10
GB,United Kingdom,,,,,,ChIJqZHHQhE7WgIReiWIMkOg-MQ,25/08/2020,-13,-16,31,-45,-47,13
GB,United Kingdom,,,,,,ChIJqZHHQhE7WgIReiWIMkOg-MQ,26/08/2020,-3,-11,90,-38,-44,11
GB,United Kingdom,,,,,,ChIJqZHHQhE7WgIReiWIMkOg-MQ,27/08/2020,-21,-12,55,-42,-45,12
GB,United Kingdom,,,,,,ChIJqZHHQhE7WgIReiWIMkOg-MQ,28/08/2020,-20,-9,51,-37,-45,11
GB,United Kingdom,,,,,,ChIJqZHHQhE7WgIReiWIMkOg-MQ,29/08/2020,-27,-13,49,-29,-12,3
GB,United Kingdom,,,,,,ChIJqZHHQhE7WgIReiWIMkOg-MQ,30/08/2020,-15,-14,94,-23,-7,1
GB,United Kingdom,,,,,,ChIJqZHHQhE7WgIReiWIMkOg-MQ,31/08/2020,3,-17,152,-43,-68,14
GB,United Kingdom,,,,,,ChIJqZHHQhE7WgIReiWIMkOg-MQ,01/09/2020,-15,-6,94,-37,-44,10
GB,United Kingdom,,,,,,ChIJqZHHQhE7WgIReiWIMkOg-MQ,02/09/2020,-20,-11,48,-41,-42,11
GB,United Kingdom,,,,,,ChIJqZHHQhE7WgIReiWIMkOg-MQ,03/09/2020,-20,-10,58,-40,-42,11
GB,United Kingdom,,,,,,ChIJqZHHQhE7WgIReiWIMkOg-MQ,04/09/2020,-21,-10,61,-35,-40,9
GB,United Kingdom,,,,,,ChIJqZHHQhE7WgIReiWIMkOg-MQ,05/09/2020,-26,-12,56,-30,-10,3
GB,United Kingdom,,,,,,ChIJqZHHQhE7WgIReiWIMkOg-MQ,06/09/2020,-21,-12,69,-27,-7,2
GB,United Kingdom,,,,,,ChIJqZHHQhE7WgIReiWIMkOg-MQ,07/09/2020,-17,-10,58,-36,-43,9
GB,United Kingdom,,,,,,ChIJqZHHQhE7WgIReiWIMkOg-MQ,08/09/2020,-19,-10,74,-35,-42,9
GB,United Kingdom,,,,,,ChIJqZHHQhE7WgIReiWIMkOg-MQ,09/09/2020,-20,-11,67,-36,-39,9
GB,United Kingdom,,,,,,ChIJqZHHQhE7WgIReiWIMkOg-MQ,10/09/2020,-20,-9,78,-36,-40,9
GB,United Kingdom,,,,,,ChIJqZHHQhE7WgIReiWIMkOg-MQ,11/09/2020,-22,-9,62,-32,-38,8
GB,United Kingdom,,,,,,ChIJqZHHQhE7WgIReiWIMkOg-MQ,12/09/2020,-27,-11,61,-28,-9,3
GB,United Kingdom,,,,,,ChIJqZHHQhE7WgIReiWIMkOg-MQ,13/09/2020,-21,-12,94,-24,-7,1
GB,United Kingdom,,,,,,ChIJqZHHQhE7WgIReiWIMkOg-MQ,14/09/2020,-17,-9,104,-32,-36,8
GB,United Kingdom,,,,,,ChIJqZHHQhE7WgIReiWIMkOg-MQ,15/09/2020,-19,-9,91,-34,-36,9
GB,United Kingdom,,,,,,ChIJqZHHQhE7WgIReiWIMkOg-MQ,16/09/2020,-21,-11,71,-35,-36,9
GB,United Kingdom,,,,,,ChIJqZHHQhE7WgIReiWIMkOg-MQ,17/09/2020,-20,-9,88,-35,-36,9
GB,United Kingdom,,,,,,ChIJqZHHQhE7WgIReiWIMkOg-MQ,18/09/2020,-22,-9,75,-32,-35,8
GB,United Kingdom,,,,,,ChIJqZHHQhE7WgIReiWIMkOg-MQ,19/09/2020,-27,-11,67,-29,-10,3
GB,United Kingdom,,,,,,ChIJqZHHQhE7WgIReiWIMkOg-MQ,20/09/2020,-22,-12,85,-26,-7,2
GB,United Kingdom,,,,,,ChIJqZHHQhE7WgIReiWIMkOg-MQ,21/09/2020,-17,-8,86,-34,-37,8
GB,United Kingdom,,,,,,ChIJqZHHQhE7WgIReiWIMkOg-MQ,22/09/2020,-22,-9,64,-36,-36,9
GB,United Kingdom,,,,,,ChIJqZHHQhE7WgIReiWIMkOg-MQ,23/09/2020,-27,-11,20,-40,-35,11
GB,United Kingdom,,,,,,ChIJqZHHQhE7WgIReiWIMkOg-MQ,24/09/2020,-26,-9,28,-41,-35,11
GB,United Kingdom,,,,,,ChIJqZHHQhE7WgIReiWIMkOg-MQ,25/09/2020,-25,-7,29,-37,-34,10
GB,United Kingdom,,,,,,ChIJqZHHQhE7WgIReiWIMkOg-MQ,26/09/2020,-28,-10,28,-34,-9,5
GB,United Kingdom,,,,,,ChIJqZHHQhE7WgIReiWIMkOg-MQ,27/09/2020,-25,-13,45,-32,-7,3
GB,United Kingdom,,,,,,ChIJqZHHQhE7WgIReiWIMkOg-MQ,28/09/2020,-19,-8,45,-38,-35,10
GB,United Kingdom,,,,,,ChIJqZHHQhE7WgIReiWIMkOg-MQ,29/09/2020,-22,-8,47,-38,-34,10
GB,United Kingdom,,,,,,ChIJqZHHQhE7WgIReiWIMkOg-MQ,30/09/2020,-26,-11,4,-40,-34,11
GB,United Kingdom,,,,,,ChIJqZHHQhE7WgIReiWIMkOg-MQ,01/10/2020,-23,-6,36,-39,-32,10
GB,United Kingdom,,,,,,ChIJqZHHQhE7WgIReiWIMkOg-MQ,02/10/2020,-30,-10,4,-37,-32,11
GB,United Kingdom,,,,,,ChIJqZHHQhE7WgIReiWIMkOg-MQ,03/10/2020,-34,-12,-20,-40,-12,7
GB,United Kingdom,,,,,,ChIJqZHHQhE7WgIReiWIMkOg-MQ,04/10/2020,-31,-15,-4,-38,-9,5
GB,United Kingdom,,,,,,ChIJqZHHQhE7WgIReiWIMkOg-MQ,05/10/2020,-24,-10,23,-37,-34,10
GB,United Kingdom,,,,,,ChIJqZHHQhE7WgIReiWIMkOg-MQ,06/10/2020,-26,-9,20,-38,-34,10
GB,United Kingdom,,,,,,ChIJqZHHQhE7WgIReiWIMkOg-MQ,07/10/2020,-24,-9,31,-38,-32,10
GB,United Kingdom,,,,,,ChIJqZHHQhE7WgIReiWIMkOg-MQ,08/10/2020,-27,-9,21,-41,-33,11
GB,United Kingdom,,,,,,ChIJqZHHQhE7WgIReiWIMkOg-MQ,09/10/2020,-28,-8,19,-37,-31,10
GB,United Kingdom,,,,,,ChIJqZHHQhE7WgIReiWIMkOg-MQ,10/10/2020,-31,-10,14,-37,-8,6
GB,United Kingdom,,,,,,ChIJqZHHQhE7WgIReiWIMkOg-MQ,11/10/2020,-27,-13,49,-33,-6,4
GB,United Kingdom,,,,,,ChIJqZHHQhE7WgIReiWIMkOg-MQ,12/10/2020,-27,-12,9,-40,-35,11
GB,United Kingdom,,,,,,ChIJqZHHQhE7WgIReiWIMkOg-MQ,13/10/2020,-29,-11,14,-41,-35,11
GB,United Kingdom,,,,,,ChIJqZHHQhE7WgIReiWIMkOg-MQ,14/10/2020,-27,-9,23,-40,-33,11
GB,United Kingdom,,,,,,ChIJqZHHQhE7WgIReiWIMkOg-MQ,15/10/2020,-27,-7,29,-40,-33,11
GB,United Kingdom,,,,,,ChIJqZHHQhE7WgIReiWIMkOg-MQ,16/10/2020,-27,-6,25,-37,-32,11
GB,United Kingdom,,,,,,ChIJqZHHQhE7WgIReiWIMkOg-MQ,17/10/2020,-33,-9,18,-40,-10,7
GB,United Kingdom,,,,,,ChIJqZHHQhE7WgIReiWIMkOg-MQ,18/10/2020,-30,-13,36,-38,-9,5
GB,United Kingdom,,,,,,ChIJqZHHQhE7WgIReiWIMkOg-MQ,19/10/2020,-26,-10,27,-41,-35,11
GB,United Kingdom,,,,,,ChIJqZHHQhE7WgIReiWIMkOg-MQ,20/10/2020,-28,-9,28,-41,-35,12
GB,United Kingdom,,,,,,ChIJqZHHQhE7WgIReiWIMkOg-MQ,21/10/2020,-31,-11,-2,-44,-35,13
GB,United Kingdom,,,,,,ChIJqZHHQhE7WgIReiWIMkOg-MQ,22/10/2020,-26,-6,34,-42,-34,12
GB,United Kingdom,,,,,,ChIJqZHHQhE7WgIReiWIMkOg-MQ,23/10/2020,-28,-6,19,-41,-35,12
GB,United Kingdom,,,,,,ChIJqZHHQhE7WgIReiWIMkOg-MQ,24/10/2020,-38,-12,-10,-44,-13,8
GB,United Kingdom,,,,,,ChIJqZHHQhE7WgIReiWIMkOg-MQ,25/10/2020,-29,-10,32,-39,-10,5
GB,United Kingdom,,,,,,ChIJqZHHQhE7WgIReiWIMkOg-MQ,26/10/2020,-21,-9,42,-44,-45,13
GB,United Kingdom,,,,,,ChIJqZHHQhE7WgIReiWIMkOg-MQ,27/10/2020,-27,-10,10,-47,-45,14
GB,United Kingdom,,,,,,ChIJqZHHQhE7WgIReiWIMkOg-MQ,28/10/2020,-23,-8,27,-45,-43,14
GB,United Kingdom,,,,,,ChIJqZHHQhE7WgIReiWIMkOg-MQ,29/10/2020,-27,-9,4,-48,-44,15
GB,United Kingdom,,,,,,ChIJqZHHQhE7WgIReiWIMkOg-MQ,30/10/2020,-26,-5,25,-43,-42,13
GB,United Kingdom,,,,,,ChIJqZHHQhE7WgIReiWIMkOg-MQ,31/10/2020,-38,-9,-15,-44,-13,8
GB,United Kingdom,,,,,,ChIJqZHHQhE7WgIReiWIMkOg-MQ,01/11/2020,-29,-13,-4,-40,-10,5
GB,United Kingdom,,,,,,ChIJqZHHQhE7WgIReiWIMkOg-MQ,02/11/2020,-17,-7,8,-40,-34,11
GB,United Kingdom,,,,,,ChIJqZHHQhE7WgIReiWIMkOg-MQ,03/11/2020,-17,-6,6,-39,-33,11
GB,United Kingdom,,,,,,ChIJqZHHQhE7WgIReiWIMkOg-MQ,04/11/2020,-11,-4,19,-36,-31,10
GB,United Kingdom,,,,,,ChIJqZHHQhE7WgIReiWIMkOg-MQ,05/11/2020,-54,-14,8,-52,-38,16
GB,United Kingdom,,,,,,ChIJqZHHQhE7WgIReiWIMkOg-MQ,06/11/2020,-55,-12,5,-52,-38,17
GB,United Kingdom,,,,,,ChIJqZHHQhE7WgIReiWIMkOg-MQ,07/11/2020,-60,-16,13,-58,-28,13
GB,United Kingdom,,,,,,ChIJqZHHQhE7WgIReiWIMkOg-MQ,08/11/2020,-60,-20,5,-57,-28,10
GB,United Kingdom,,,,,,ChIJqZHHQhE7WgIReiWIMkOg-MQ,09/11/2020,-47,-15,5,-50,-39,15
GB,United Kingdom,,,,,,ChIJqZHHQhE7WgIReiWIMkOg-MQ,10/11/2020,-48,-13,14,-49,-39,15
GB,United Kingdom,,,,,,ChIJqZHHQhE7WgIReiWIMkOg-MQ,11/11/2020,-49,-14,-1,-51,-38,16
GB,United Kingdom,,,,,,ChIJqZHHQhE7WgIReiWIMkOg-MQ,12/11/2020,-48,-10,19,-50,-39,16
GB,United Kingdom,,,,,,ChIJqZHHQhE7WgIReiWIMkOg-MQ,13/11/2020,-49,-8,7,-50,-38,16
GB,United Kingdom,,,,,,ChIJqZHHQhE7WgIReiWIMkOg-MQ,14/11/2020,-59,-16,-29,-59,-28,13
GB,United Kingdom,,,,,,ChIJqZHHQhE7WgIReiWIMkOg-MQ,15/11/2020,-57,-19,-5,-57,-28,10
GB,United Kingdom,,,,,,ChIJqZHHQhE7WgIReiWIMkOg-MQ,16/11/2020,-46,-14,2,-50,-39,15
GB,United Kingdom,,,,,,ChIJqZHHQhE7WgIReiWIMkOg-MQ,17/11/2020,-48,-12,6,-50,-39,15
GB,United Kingdom,,,,,,ChIJqZHHQhE7WgIReiWIMkOg-MQ,18/11/2020,-49,-13,-7,-51,-38,16
GB,United Kingdom,,,,,,ChIJqZHHQhE7WgIReiWIMkOg-MQ,19/11/2020,-48,-10,6,-51,-39,16
GB,United Kingdom,,,,,,ChIJqZHHQhE7WgIReiWIMkOg-MQ,20/11/2020,-50,-8,-17,-51,-38,17
GB,United Kingdom,,,,,,ChIJqZHHQhE7WgIReiWIMkOg-MQ,21/11/2020,-56,-12,-8,-56,-26,12
GB,United Kingdom,,,,,,ChIJqZHHQhE7WgIReiWIMkOg-MQ,22/11/2020,-53,-15,25,-53,-26,9
GB,United Kingdom,,,,,,ChIJqZHHQhE7WgIReiWIMkOg-MQ,23/11/2020,-44,-12,4,-50,-39,15
GB,United Kingdom,,,,,,ChIJqZHHQhE7WgIReiWIMkOg-MQ,24/11/2020,-47,-10,3,-50,-38,15
GB,United Kingdom,,,,,,ChIJqZHHQhE7WgIReiWIMkOg-MQ,25/11/2020,-47,-12,-5,-51,-37,16
GB,United Kingdom,,,,,,ChIJqZHHQhE7WgIReiWIMkOg-MQ,26/11/2020,-46,-9,10,-51,-37,15
GB,United Kingdom,,,,,,ChIJqZHHQhE7WgIReiWIMkOg-MQ,27/11/2020,-47,-7,-2,-50,-38,16
GB,United Kingdom,,,,,,ChIJqZHHQhE7WgIReiWIMkOg-MQ,28/11/2020,-55,-12,-11,-55,-24,12
GB,United Kingdom,,,,,,ChIJqZHHQhE7WgIReiWIMkOg-MQ,29/11/2020,-53,-15,5,-54,-24,9
GB,United Kingdom,,,,,,ChIJqZHHQhE7WgIReiWIMkOg-MQ,30/11/2020,-41,-9,-9,-49,-37,14
GB,United Kingdom,,,,,,ChIJqZHHQhE7WgIReiWIMkOg-MQ,01/12/2020,-43,-7,7,-48,-36,14
GB,United Kingdom,,,,,,ChIJqZHHQhE7WgIReiWIMkOg-MQ,02/12/2020,-31,-6,-7,-45,-32,13
GB,United Kingdom,,,,,,ChIJqZHHQhE7WgIReiWIMkOg-MQ,03/12/2020,-34,-8,-20,-46,-33,14
GB,United Kingdom,,,,,,ChIJqZHHQhE7WgIReiWIMkOg-MQ,04/12/2020,-35,-5,-18,-44,-33,14
GB,United Kingdom,,,,,,ChIJqZHHQhE7WgIReiWIMkOg-MQ,05/12/2020,-36,-6,-8,-41,-13,8
GB,United Kingdom,,,,,,ChIJqZHHQhE7WgIReiWIMkOg-MQ,06/12/2020,-36,-10,1,-41,-13,7
GB,United Kingdom,,,,,,ChIJqZHHQhE7WgIReiWIMkOg-MQ,07/12/2020,-26,-5,-4,-43,-34,12
GB,United Kingdom,,,,,,ChIJqZHHQhE7WgIReiWIMkOg-MQ,08/12/2020,-31,-5,-7,-44,-33,12
GB,United Kingdom,,,,,,ChIJqZHHQhE7WgIReiWIMkOg-MQ,09/12/2020,-31,-5,-5,-44,-32,13
GB,United Kingdom,,,,,,ChIJqZHHQhE7WgIReiWIMkOg-MQ,10/12/2020,-32,-3,-1,-44,-33,13
GB,United Kingdom,,,,,,ChIJqZHHQhE7WgIReiWIMkOg-MQ,11/12/2020,-33,-2,-5,-41,-32,13
GB,United Kingdom,,,,,,ChIJqZHHQhE7WgIReiWIMkOg-MQ,12/12/2020,-37,-5,-5,-39,-12,8
GB,United Kingdom,,,,,,ChIJqZHHQhE7WgIReiWIMkOg-MQ,13/12/2020,-41,-13,-31,-45,-14,8
GB,United Kingdom,,,,,,ChIJqZHHQhE7WgIReiWIMkOg-MQ,14/12/2020,-25,-2,2,-42,-35,12
GB,United Kingdom,,,,,,ChIJqZHHQhE7WgIReiWIMkOg-MQ,15/12/2020,-25,0,10,-41,-34,12
GB,United Kingdom,,,,,,ChIJqZHHQhE7WgIReiWIMkOg-MQ,16/12/2020,-33,-3,-14,-46,-34,14
GB,United Kingdom,,,,,,ChIJqZHHQhE7WgIReiWIMkOg-MQ,17/12/2020,-29,2,12,-44,-35,13
GB,United Kingdom,,,,,,ChIJqZHHQhE7WgIReiWIMkOg-MQ,18/12/2020,-33,-1,-14,-45,-37,15
GB,United Kingdom,,,,,,ChIJqZHHQhE7WgIReiWIMkOg-MQ,19/12/2020,-40,-3,-10,-41,-13,8
GB,United Kingdom,,,,,,ChIJqZHHQhE7WgIReiWIMkOg-MQ,20/12/2020,-43,-7,5,-45,-13,7
GB,United Kingdom,,,,,,ChIJqZHHQhE7WgIReiWIMkOg-MQ,21/12/2020,-26,12,-8,-52,-49,16
GB,United Kingdom,,,,,,ChIJqZHHQhE7WgIReiWIMkOg-MQ,22/12/2020,-26,17,14,-52,-50,16
GB,United Kingdom,,,,,,ChIJqZHHQhE7WgIReiWIMkOg-MQ,23/12/2020,-27,23,-12,-54,-53,18
GB,United Kingdom,,,,,,ChIJqZHHQhE7WgIReiWIMkOg-MQ,24/12/2020,-35,14,19,-59,-65,21
GB,United Kingdom,,,,,,ChIJqZHHQhE7WgIReiWIMkOg-MQ,25/12/2020,-92,-89,-25,-85,-85,27
GB,United Kingdom,,,,,,ChIJqZHHQhE7WgIReiWIMkOg-MQ,26/12/2020,-81,-63,-34,-76,-54,15
GB,United Kingdom,,,,,,ChIJqZHHQhE7WgIReiWIMkOg-MQ,27/12/2020,-58,-24,3,-59,-29,10
GB,United Kingdom,,,,,,ChIJqZHHQhE7WgIReiWIMkOg-MQ,28/12/2020,-51,-24,16,-70,-77,26
GB,United Kingdom,,,,,,ChIJqZHHQhE7WgIReiWIMkOg-MQ,29/12/2020,-47,-11,14,-64,-68,24
GB,United Kingdom,,,,,,ChIJqZHHQhE7WgIReiWIMkOg-MQ,30/12/2020,-42,-3,18,-63,-66,23
GB,United Kingdom,,,,,,ChIJqZHHQhE7WgIReiWIMkOg-MQ,31/12/2020,-53,2,14,-67,-69,24
GB,United Kingdom,,,,,,ChIJqZHHQhE7WgIReiWIMkOg-MQ,01/01/2021,-83,-64,-5,-82,-83,32
GB,United Kingdom,,,,,,ChIJqZHHQhE7WgIReiWIMkOg-MQ,02/01/2021,-68,-24,-12,-66,-39,16
GB,United Kingdom,,,,,,ChIJqZHHQhE7WgIReiWIMkOg-MQ,03/01/2021,-64,-24,-8,-62,-29,11
GB,United Kingdom,,,,,,ChIJqZHHQhE7WgIReiWIMkOg-MQ,04/01/2021,-53,-17,-16,-62,-49,19
GB,United Kingdom,,,,,,ChIJqZHHQhE7WgIReiWIMkOg-MQ,05/01/2021,-61,-21,-18,-63,-50,20
GB,United Kingdom,,,,,,ChIJqZHHQhE7WgIReiWIMkOg-MQ,06/01/2021,-62,-22,-13,-63,-49,21
GB,United Kingdom,,,,,,ChIJqZHHQhE7WgIReiWIMkOg-MQ,07/01/2021,-62,-22,-9,-64,-50,21
GB,United Kingdom,,,,,,ChIJqZHHQhE7WgIReiWIMkOg-MQ,08/01/2021,-64,-23,-21,-64,-49,22
GB,United Kingdom,,,,,,ChIJqZHHQhE7WgIReiWIMkOg-MQ,09/01/2021,-68,-22,-14,-65,-33,15
GB,United Kingdom,,,,,,ChIJqZHHQhE7WgIReiWIMkOg-MQ,10/01/2021,-68,-27,-13,-65,-31,12
GB,United Kingdom,,,,,,ChIJqZHHQhE7WgIReiWIMkOg-MQ,11/01/2021,-59,-25,-16,-63,-50,20
GB,United Kingdom,,,,,,ChIJqZHHQhE7WgIReiWIMkOg-MQ,12/01/2021,-61,-24,-7,-63,-51,20
GB,United Kingdom,,,,,,ChIJqZHHQhE7WgIReiWIMkOg-MQ,13/01/2021,-64,-27,-30,-65,-50,21
GB,United Kingdom,,,,,,ChIJqZHHQhE7WgIReiWIMkOg-MQ,14/01/2021,-66,-29,-28,-66,-53,22
GB,United Kingdom,,,,,,ChIJqZHHQhE7WgIReiWIMkOg-MQ,15/01/2021,-64,-23,-15,-64,-51,21
GB,United Kingdom,,,,,,ChIJqZHHQhE7WgIReiWIMkOg-MQ,16/01/2021,-70,-26,-31,-67,-35,15
GB,United Kingdom,,,,,,ChIJqZHHQhE7WgIReiWIMkOg-MQ,17/01/2021,-67,-27,8,-63,-31,11
GB,United Kingdom,,,,,,ChIJqZHHQhE7WgIReiWIMkOg-MQ,18/01/2021,-60,-25,-10,-63,-51,19
GB,United Kingdom,,,,,,ChIJqZHHQhE7WgIReiWIMkOg-MQ,19/01/2021,-63,-27,-23,-64,-52,20
GB,United Kingdom,,,,,,ChIJqZHHQhE7WgIReiWIMkOg-MQ,20/01/2021,-65,-28,-35,-66,-51,21
GB,United Kingdom,,,,,,ChIJqZHHQhE7WgIReiWIMkOg-MQ,21/01/2021,-62,-23,-6,-64,-51,20
GB,United Kingdom,,,,,,ChIJqZHHQhE7WgIReiWIMkOg-MQ,22/01/2021,-62,-20,-3,-63,-49,21
GB,United Kingdom,,,,,,ChIJqZHHQhE7WgIReiWIMkOg-MQ,23/01/2021,-67,-22,-12,-64,-33,14
GB,United Kingdom,,,,,,ChIJqZHHQhE7WgIReiWIMkOg-MQ,24/01/2021,-71,-31,-4,-66,-34,12
GB,United Kingdom,,,,,,ChIJqZHHQhE7WgIReiWIMkOg-MQ,25/01/2021,-59,-23,-1,-62,-52,19
GB,United Kingdom,,,,,,ChIJqZHHQhE7WgIReiWIMkOg-MQ,26/01/2021,-62,-25,-27,-64,-51,20
GB,United Kingdom,,,,,,ChIJqZHHQhE7WgIReiWIMkOg-MQ,27/01/2021,-60,-21,-13,-63,-50,20
GB,United Kingdom,,,,,,ChIJqZHHQhE7WgIReiWIMkOg-MQ,28/01/2021,-61,-21,-12,-63,-50,20
GB,United Kingdom,,,,,,ChIJqZHHQhE7WgIReiWIMkOg-MQ,29/01/2021,-60,-16,-11,-61,-49,20
GB,United Kingdom,,,,,,ChIJqZHHQhE7WgIReiWIMkOg-MQ,30/01/2021,-67,-22,-37,-67,-33,15
GB,United Kingdom,,,,,,ChIJqZHHQhE7WgIReiWIMkOg-MQ,31/01/2021,-65,-24,-3,-63,-30,11
GB,United Kingdom,,,,,,ChIJqZHHQhE7WgIReiWIMkOg-MQ,01/02/2021,-56,-21,0,-60,-49,18
GB,United Kingdom,,,,,,ChIJqZHHQhE7WgIReiWIMkOg-MQ,02/02/2021,-61,-24,-13,-62,-51,20
GB,United Kingdom,,,,,,ChIJqZHHQhE7WgIReiWIMkOg-MQ,03/02/2021,-60,-21,-13,-63,-49,20
GB,United Kingdom,,,,,,ChIJqZHHQhE7WgIReiWIMkOg-MQ,04/02/2021,-60,-20,-12,-64,-49,20
GB,United Kingdom,,,,,,ChIJqZHHQhE7WgIReiWIMkOg-MQ,05/02/2021,-59,-14,-1,-61,-48,20
GB,United Kingdom,,,,,,ChIJqZHHQhE7WgIReiWIMkOg-MQ,06/02/2021,-65,-19,-21,-64,-31,14
GB,United Kingdom,,,,,,ChIJqZHHQhE7WgIReiWIMkOg-MQ,07/02/2021,-68,-27,-23,-67,-32,11
GB,United Kingdom,,,,,,ChIJqZHHQhE7WgIReiWIMkOg-MQ,08/02/2021,-60,-24,-13,-63,-52,19
GB,United Kingdom,,,,,,ChIJqZHHQhE7WgIReiWIMkOg-MQ,09/02/2021,-61,-21,-12,-63,-52,20
GB,United Kingdom,,,,,,ChIJqZHHQhE7WgIReiWIMkOg-MQ,10/02/2021,-59,-17,-8,-62,-50,20
GB,United Kingdom,,,,,,ChIJqZHHQhE7WgIReiWIMkOg-MQ,11/02/2021,-58,-15,-8,-63,-49,20
GB,United Kingdom,,,,,,ChIJqZHHQhE7WgIReiWIMkOg-MQ,12/02/2021,-58,-10,-14,-62,-48,20
GB,United Kingdom,,,,,,ChIJqZHHQhE7WgIReiWIMkOg-MQ,13/02/2021,-63,-11,-28,-65,-31,14
GB,United Kingdom,,,,,,ChIJqZHHQhE7WgIReiWIMkOg-MQ,14/02/2021,-65,-21,-28,-65,-30,11
GB,United Kingdom,,,,,,ChIJqZHHQhE7WgIReiWIMkOg-MQ,15/02/2021,-52,-16,18,-60,-53,18
GB,United Kingdom,,,,,,ChIJqZHHQhE7WgIReiWIMkOg-MQ,16/02/2021,-55,-13,5,-61,-52,19
GB,United Kingdom,,,,,,ChIJqZHHQhE7WgIReiWIMkOg-MQ,17/02/2021,-55,-16,1,-61,-51,20
GB,United Kingdom,,,,,,ChIJqZHHQhE7WgIReiWIMkOg-MQ,18/02/2021,-55,-13,13,-61,-52,20
GB,United Kingdom,,,,,,ChIJqZHHQhE7WgIReiWIMkOg-MQ,19/02/2021,-57,-12,-7,-61,-51,20
GB,United Kingdom,,,,,,ChIJqZHHQhE7WgIReiWIMkOg-MQ,20/02/2021,-62,-14,-4,-61,-28,13
GB,United Kingdom,,,,,,ChIJqZHHQhE7WgIReiWIMkOg-MQ,21/02/2021,-60,-18,27,-57,-26,10
GB,United Kingdom,,,,,,ChIJqZHHQhE7WgIReiWIMkOg-MQ,22/02/2021,-52,-16,13,-59,-47,17
GB,United Kingdom,,,,,,ChIJqZHHQhE7WgIReiWIMkOg-MQ,23/02/2021,-55,-15,7,-59,-47,18
GB,United Kingdom,,,,,,ChIJqZHHQhE7WgIReiWIMkOg-MQ,24/02/2021,-54,-13,6,-59,-46,19
GB,United Kingdom,,,,,,ChIJqZHHQhE7WgIReiWIMkOg-MQ,25/02/2021,-53,-10,22,-59,-46,18
GB,United Kingdom,,,,,,ChIJqZHHQhE7WgIReiWIMkOg-MQ,26/02/2021,-51,-5,38,-56,-45,18
GB,United Kingdom,,,,,,ChIJqZHHQhE7WgIReiWIMkOg-MQ,27/02/2021,-56,-9,38,-56,-25,11
GB,United Kingdom,,,,,,ChIJqZHHQhE7WgIReiWIMkOg-MQ,28/02/2021,-55,-12,48,-55,-23,9
GB,United Kingdom,,,,,,ChIJqZHHQhE7WgIReiWIMkOg-MQ,01/03/2021,-49,-12,20,-57,-46,17
GB,United Kingdom,,,,,,ChIJqZHHQhE7WgIReiWIMkOg-MQ,02/03/2021,-52,-12,16,-58,-46,17
GB,United Kingdom,,,,,,ChIJqZHHQhE7WgIReiWIMkOg-MQ,03/03/2021,-54,-13,-7,-59,-46,18
GB,United Kingdom,,,,,,ChIJqZHHQhE7WgIReiWIMkOg-MQ,04/03/2021,-54,-10,-1,-59,-46,18
GB,United Kingdom,,,,,,ChIJqZHHQhE7WgIReiWIMkOg-MQ,05/03/2021,-53,-6,8,-57,-44,18
GB,United Kingdom,,,,,,ChIJqZHHQhE7WgIReiWIMkOg-MQ,06/03/2021,-57,-9,10,-58,-24,12
GB,United Kingdom,,,,,,ChIJqZHHQhE7WgIReiWIMkOg-MQ,07/03/2021,-56,-12,30,-56,-22,9
GB,United Kingdom,,,,,,ChIJqZHHQhE7WgIReiWIMkOg-MQ,08/03/2021,-47,-8,16,-54,-44,15
GB,United Kingdom,,,,,,ChIJqZHHQhE7WgIReiWIMkOg-MQ,09/03/2021,-49,-8,31,-52,-43,15
GB,United Kingdom,,,,,,ChIJqZHHQhE7WgIReiWIMkOg-MQ,10/03/2021,-55,-12,-26,-57,-42,17
GB,United Kingdom,,,,,,ChIJqZHHQhE7WgIReiWIMkOg-MQ,11/03/2021,-53,-6,-4,-55,-42,17
GB,United Kingdom,,,,,,ChIJqZHHQhE7WgIReiWIMkOg-MQ,12/03/2021,-52,-1,-1,-53,-40,16
GB,United Kingdom,,,,,,ChIJqZHHQhE7WgIReiWIMkOg-MQ,13/03/2021,-56,2,-11,-58,-23,12
GB,United Kingdom,,,,,,ChIJqZHHQhE7WgIReiWIMkOg-MQ,14/03/2021,-58,-10,4,-54,-14,8
GB,United Kingdom,,,,,,ChIJqZHHQhE7WgIReiWIMkOg-MQ,15/03/2021,-47,-9,23,-51,-41,14
GB,United Kingdom,,,,,,ChIJqZHHQhE7WgIReiWIMkOg-MQ,16/03/2021,-49,-8,23,-51,-41,15
GB,United Kingdom,,,,,,ChIJqZHHQhE7WgIReiWIMkOg-MQ,17/03/2021,-49,-7,26,-51,-40,15
GB,United Kingdom,,,,,,ChIJqZHHQhE7WgIReiWIMkOg-MQ,18/03/2021,-51,-5,18,-52,-40,16
GB,United Kingdom,,,,,,ChIJqZHHQhE7WgIReiWIMkOg-MQ,19/03/2021,-51,-2,25,-50,-39,16
GB,United Kingdom,,,,,,ChIJqZHHQhE7WgIReiWIMkOg-MQ,20/03/2021,-57,-7,16,-55,-22,11
GB,United Kingdom,,,,,,ChIJqZHHQhE7WgIReiWIMkOg-MQ,21/03/2021,-55,-11,42,-53,-19,8
GB,United Kingdom,,,,,,ChIJqZHHQhE7WgIReiWIMkOg-MQ,22/03/2021,-45,-6,42,-49,-40,14
GB,United Kingdom,,,,,,ChIJqZHHQhE7WgIReiWIMkOg-MQ,23/03/2021,-48,-6,28,-50,-40,14
GB,United Kingdom,,,,,,ChIJqZHHQhE7WgIReiWIMkOg-MQ,24/03/2021,-48,-5,28,-51,-39,15
GB,United Kingdom,,,,,,ChIJqZHHQhE7WgIReiWIMkOg-MQ,25/03/2021,-49,-3,26,-51,-40,15
GB,United Kingdom,,,,,,ChIJqZHHQhE7WgIReiWIMkOg-MQ,26/03/2021,-51,-1,-1,-51,-39,16
GB,United Kingdom,,,,,,ChIJqZHHQhE7WgIReiWIMkOg-MQ,27/03/2021,-55,-5,19,-54,-21,11
GB,United Kingdom,,,,,,ChIJqZHHQhE7WgIReiWIMkOg-MQ,28/03/2021,-58,-14,-1,-57,-22,9
GB,United Kingdom,,,,,,ChIJqZHHQhE7WgIReiWIMkOg-MQ,29/03/2021,-41,-2,71,-48,-42,13
GB,United Kingdom,,,,,,ChIJqZHHQhE7WgIReiWIMkOg-MQ,30/03/2021,-42,1,110,-46,-42,13
GB,United Kingdom,,,,,,ChIJqZHHQhE7WgIReiWIMkOg-MQ,31/03/2021,-42,4,69,-47,-41,14
GB,United Kingdom,,,,,,ChIJqZHHQhE7WgIReiWIMkOg-MQ,01/04/2021,-39,15,53,-47,-42,13
GB,United Kingdom,,,,,,ChIJqZHHQhE7WgIReiWIMkOg-MQ,02/04/2021,-49,0,77,-58,-68,21
GB,United Kingdom,,,,,,ChIJqZHHQhE7WgIReiWIMkOg-MQ,03/04/2021,-55,2,35,-52,-27,9
GB,United Kingdom,,,,,,ChIJqZHHQhE7WgIReiWIMkOg-MQ,04/04/2021,-69,-40,72,-49,-23,6
GB,United Kingdom,,,,,,ChIJqZHHQhE7WgIReiWIMkOg-MQ,05/04/2021,-47,-13,65,-65,-75,23
GB,United Kingdom,,,,,,ChIJqZHHQhE7WgIReiWIMkOg-MQ,06/04/2021,-45,-3,34,-53,-50,16
GB,United Kingdom,,,,,,ChIJqZHHQhE7WgIReiWIMkOg-MQ,07/04/2021,-46,-5,35,-53,-48,16
GB,United Kingdom,,,,,,ChIJqZHHQhE7WgIReiWIMkOg-MQ,08/04/2021,-46,-3,46,-53,-47,16
GB,United Kingdom,,,,,,ChIJqZHHQhE7WgIReiWIMkOg-MQ,09/04/2021,-48,-3,44,-51,-46,16
GB,United Kingdom,,,,,,ChIJqZHHQhE7WgIReiWIMkOg-MQ,10/04/2021,-57,-7,11,-53,-21,10
GB,United Kingdom,,,,,,ChIJqZHHQhE7WgIReiWIMkOg-MQ,11/04/2021,-52,-9,45,-48,-17,7
GB,United Kingdom,,,,,,ChIJqZHHQhE7WgIReiWIMkOg-MQ,12/04/2021,-19,0,59,-40,-42,11
GB,United Kingdom,,,,,,ChIJqZHHQhE7WgIReiWIMkOg-MQ,13/04/2021,-26,1,63,-42,-43,12
GB,United Kingdom,,,,,,ChIJqZHHQhE7WgIReiWIMkOg-MQ,14/04/2021,-26,1,63,-42,-42,12
GB,United Kingdom,,,,,,ChIJqZHHQhE7WgIReiWIMkOg-MQ,15/04/2021,-27,3,68,-42,-41,12
GB,United Kingdom,,,,,,ChIJqZHHQhE7WgIReiWIMkOg-MQ,16/04/2021,-30,3,68,-39,-40,11
GB,United Kingdom,,,,,,ChIJqZHHQhE7WgIReiWIMkOg-MQ,17/04/2021,-37,-1,64,-34,-16,5
GB,United Kingdom,,,,,,ChIJqZHHQhE7WgIReiWIMkOg-MQ,18/04/2021,-33,-2,70,-33,-13,4
GB,United Kingdom,,,,,,ChIJqZHHQhE7WgIReiWIMkOg-MQ,19/04/2021,-25,2,72,-38,-34,10
GB,United Kingdom,,,,,,ChIJqZHHQhE7WgIReiWIMkOg-MQ,20/04/2021,-29,2,60,-38,-34,10
GB,United Kingdom,,,,,,ChIJqZHHQhE7WgIReiWIMkOg-MQ,21/04/2021,-29,1,45,-41,-33,11
GB,United Kingdom,,,,,,ChIJqZHHQhE7WgIReiWIMkOg-MQ,22/04/2021,-28,3,71,-40,-32,10
GB,United Kingdom,,,,,,ChIJqZHHQhE7WgIReiWIMkOg-MQ,23/04/2021,-29,5,69,-37,-31,9
GB,United Kingdom,,,,,,ChIJqZHHQhE7WgIReiWIMkOg-MQ,24/04/2021,-34,2,66,-35,-14,5
GB,United Kingdom,,,,,,ChIJqZHHQhE7WgIReiWIMkOg-MQ,25/04/2021,-31,-2,68,-37,-12,4
GB,United Kingdom,,,,,,ChIJqZHHQhE7WgIReiWIMkOg-MQ,26/04/2021,-24,1,55,-39,-33,10
GB,United Kingdom,,,,,,ChIJqZHHQhE7WgIReiWIMkOg-MQ,27/04/2021,-30,0,41,-40,-33,11
GB,United Kingdom,,,,,,ChIJqZHHQhE7WgIReiWIMkOg-MQ,28/04/2021,-30,1,21,-42,-33,11
GB,United Kingdom,,,,,,ChIJqZHHQhE7WgIReiWIMkOg-MQ,29/04/2021,-28,4,41,-40,-32,11
GB,United Kingdom,,,,,,ChIJqZHHQhE7WgIReiWIMkOg-MQ,30/04/2021,-26,8,46,-36,-31,9
GB,United Kingdom,,,,,,ChIJqZHHQhE7WgIReiWIMkOg-MQ,01/05/2021,-31,3,44,-35,-15,5
GB,United Kingdom,,,,,,ChIJqZHHQhE7WgIReiWIMkOg-MQ,02/05/2021,-26,-2,71,-34,-14,3
GB,United Kingdom,,,,,,ChIJqZHHQhE7WgIReiWIMkOg-MQ,03/05/2021,-29,-11,30,-58,-73,21
GB,United Kingdom,,,,,,ChIJqZHHQhE7WgIReiWIMkOg-MQ,04/05/2021,-31,3,19,-41,-34,11
GB,United Kingdom,,,,,,ChIJqZHHQhE7WgIReiWIMkOg-MQ,05/05/2021,-29,2,30,-40,-32,11
GB,United Kingdom,,,,,,ChIJqZHHQhE7WgIReiWIMkOg-MQ,06/05/2021,-27,6,45,-39,-32,10
GB,United Kingdom,,,,,,ChIJqZHHQhE7WgIReiWIMkOg-MQ,07/05/2021,-28,4,52,-37,-29,9
GB,United Kingdom,,,,,,ChIJqZHHQhE7WgIReiWIMkOg-MQ,08/05/2021,-42,-3,-18,-46,-16,9
GB,United Kingdom,,,,,,ChIJqZHHQhE7WgIReiWIMkOg-MQ,09/05/2021,-30,-3,57,-36,-11,4
GB,United Kingdom,,,,,,ChIJqZHHQhE7WgIReiWIMkOg-MQ,10/05/2021,-26,1,41,-39,-32,10
GB,United Kingdom,,,,,,ChIJqZHHQhE7WgIReiWIMkOg-MQ,11/05/2021,-27,2,46,-39,-31,10
GB,United Kingdom,,,,,,ChIJqZHHQhE7WgIReiWIMkOg-MQ,12/05/2021,-25,5,42,-39,-31,10
GB,United Kingdom,,,,,,ChIJqZHHQhE7WgIReiWIMkOg-MQ,13/05/2021,-29,3,32,-41,-32,11
GB,United Kingdom,,,,,,ChIJqZHHQhE7WgIReiWIMkOg-MQ,14/05/2021,-27,6,45,-37,-30,10
GB,United Kingdom,,,,,,ChIJqZHHQhE7WgIReiWIMkOg-MQ,15/05/2021,-34,2,16,-38,-15,6
GB,United Kingdom,,,,,,ChIJqZHHQhE7WgIReiWIMkOg-MQ,16/05/2021,-32,-2,30,-39,-10,5
GB,United Kingdom,,,,,,ChIJqZHHQhE7WgIReiWIMkOg-MQ,17/05/2021,-17,1,40,-35,-30,9
GB,United Kingdom,,,,,,ChIJqZHHQhE7WgIReiWIMkOg-MQ,18/05/2021,-20,3,49,-36,-30,9
GB,United Kingdom,,,,,,ChIJqZHHQhE7WgIReiWIMkOg-MQ,19/05/2021,-18,4,51,-36,-29,9
GB,United Kingdom,,,,,,ChIJqZHHQhE7WgIReiWIMkOg-MQ,20/05/2021,-24,3,20,-41,-30,10
GB,United Kingdom,,,,,,ChIJqZHHQhE7WgIReiWIMkOg-MQ,21/05/2021,-25,4,12,-36,-29,9
GB,United Kingdom,,,,,,ChIJqZHHQhE7WgIReiWIMkOg-MQ,22/05/2021,-24,3,35,-31,-9,3
GB,United Kingdom,,,,,,ChIJqZHHQhE7WgIReiWIMkOg-MQ,23/05/2021,-24,-4,21,-34,-9,3
GB,United Kingdom,,,,,,ChIJqZHHQhE7WgIReiWIMkOg-MQ,24/05/2021,-19,3,38,-38,-31,9
GB,United Kingdom,,,,,,ChIJqZHHQhE7WgIReiWIMkOg-MQ,25/05/2021,-20,5,42,-38,-30,9
GB,United Kingdom,,,,,,ChIJqZHHQhE7WgIReiWIMkOg-MQ,26/05/2021,-17,6,50,-37,-29,9
GB,United Kingdom,,,,,,ChIJqZHHQhE7WgIReiWIMkOg-MQ,27/05/2021,-12,9,85,-35,-29,8
GB,United Kingdom,,,,,,ChIJqZHHQhE7WgIReiWIMkOg-MQ,28/05/2021,-11,12,68,-29,-30,6
GB,United Kingdom,,,,,,ChIJqZHHQhE7WgIReiWIMkOg-MQ,29/05/2021,-18,6,78,-22,-10,1
GB,United Kingdom,,,,,,ChIJqZHHQhE7WgIReiWIMkOg-MQ,30/05/2021,-5,7,130,-18,-7,-1
GB,United Kingdom,,,,,,ChIJqZHHQhE7WgIReiWIMkOg-MQ,31/05/2021,-1,2,203,-42,-71,12
GB,United Kingdom,,,,,,ChIJqZHHQhE7WgIReiWIMkOg-MQ,01/06/2021,-5,15,141,-34,-43,8
GB,United Kingdom,,,,,,ChIJqZHHQhE7WgIReiWIMkOg-MQ,02/06/2021,-6,11,113,-36,-42,10
GB,United Kingdom,,,,,,ChIJqZHHQhE7WgIReiWIMkOg-MQ,03/06/2021,-6,11,118,-37,-41,9
GB,United Kingdom,,,,,,ChIJqZHHQhE7WgIReiWIMkOg-MQ,04/06/2021,-13,8,80,-35,-39,9
GB,United Kingdom,,,,,,ChIJqZHHQhE7WgIReiWIMkOg-MQ,05/06/2021,-20,6,81,-25,-7,1
GB,United Kingdom,,,,,,ChIJqZHHQhE7WgIReiWIMkOg-MQ,06/06/2021,-15,3,77,-26,-3,1
GB,United Kingdom,,,,,,ChIJqZHHQhE7WgIReiWIMkOg-MQ,07/06/2021,-10,10,88,-35,-31,8
GB,United Kingdom,,,,,,ChIJqZHHQhE7WgIReiWIMkOg-MQ,08/06/2021,-11,11,94,-35,-29,8
GB,United Kingdom,,,,,,ChIJqZHHQhE7WgIReiWIMkOg-MQ,09/06/2021,-11,10,79,-35,-29,8
GB,United Kingdom,,,,,,ChIJqZHHQhE7WgIReiWIMkOg-MQ,10/06/2021,-12,11,79,-35,-28,8
GB,United Kingdom,,,,,,ChIJqZHHQhE7WgIReiWIMkOg-MQ,11/06/2021,-15,10,72,-32,-27,7
GB,United Kingdom,,,,,,ChIJqZHHQhE7WgIReiWIMkOg-MQ,12/06/2021,-21,7,78,-26,-5,1
GB,United Kingdom,,,,,,ChIJqZHHQhE7WgIReiWIMkOg-MQ,13/06/2021,-19,4,92,-24,-3,0
GB,United Kingdom,,,,,,ChIJqZHHQhE7WgIReiWIMkOg-MQ,14/06/2021,-12,9,81,-35,-30,8
GB,United Kingdom,,,,,,ChIJqZHHQhE7WgIReiWIMkOg-MQ,15/06/2021,-12,11,88,-35,-29,8
GB,United Kingdom,,,,,,ChIJqZHHQhE7WgIReiWIMkOg-MQ,16/06/2021,-12,10,77,-35,-29,8
GB,United Kingdom,,,,,,ChIJqZHHQhE7WgIReiWIMkOg-MQ,17/06/2021,-15,9,60,-37,-29,9
GB,United Kingdom,,,,,,ChIJqZHHQhE7WgIReiWIMkOg-MQ,18/06/2021,-19,6,34,-34,-29,8
GB,United Kingdom,,,,,,ChIJqZHHQhE7WgIReiWIMkOg-MQ,19/06/2021,-21,6,44,-30,-6,2
GB,United Kingdom,,,,,,ChIJqZHHQhE7WgIReiWIMkOg-MQ,20/06/2021,-14,1,45,-30,-2,1
GB,United Kingdom,,,,,,ChIJqZHHQhE7WgIReiWIMkOg-MQ,21/06/2021,-16,3,45,-38,-31,9
GB,United Kingdom,,,,,,ChIJqZHHQhE7WgIReiWIMkOg-MQ,22/06/2021,-14,6,70,-36,-30,8
GB,United Kingdom,,,,,,ChIJqZHHQhE7WgIReiWIMkOg-MQ,23/06/2021,-13,6,73,-36,-29,9
GB,United Kingdom,,,,,,ChIJqZHHQhE7WgIReiWIMkOg-MQ,24/06/2021,-13,7,69,-36,-30,9
GB,United Kingdom,,,,,,ChIJqZHHQhE7WgIReiWIMkOg-MQ,25/06/2021,-14,8,54,-32,-29,7
GB,United Kingdom,,,,,,ChIJqZHHQhE7WgIReiWIMkOg-MQ,26/06/2021,-19,2,62,-26,-6,2
GB,United Kingdom,,,,,,ChIJqZHHQhE7WgIReiWIMkOg-MQ,27/06/2021,-16,-1,52,-28,-4,1
GB,United Kingdom,,,,,,ChIJqZHHQhE7WgIReiWIMkOg-MQ,28/06/2021,-12,6,63,-36,-32,8
GB,United Kingdom,,,,,,ChIJqZHHQhE7WgIReiWIMkOg-MQ,29/06/2021,-16,2,57,-38,-33,8
GB,United Kingdom,,,,,,ChIJqZHHQhE7WgIReiWIMkOg-MQ,30/06/2021,-12,6,67,-37,-31,8
GB,United Kingdom,,,,,,ChIJqZHHQhE7WgIReiWIMkOg-MQ,01/07/2021,-11,9,90,-35,-31,8
GB,United Kingdom,,,,,,ChIJqZHHQhE7WgIReiWIMkOg-MQ,02/07/2021,-14,8,79,-31,-30,7
GB,United Kingdom,,,,,,ChIJqZHHQhE7WgIReiWIMkOg-MQ,03/07/2021,-22,2,34,-29,-7,3
GB,United Kingdom,,,,,,ChIJqZHHQhE7WgIReiWIMkOg-MQ,04/07/2021,-17,-2,40,-28,-5,2
GB,United Kingdom,,,,,,ChIJqZHHQhE7WgIReiWIMkOg-MQ,05/07/2021,-11,6,68,-36,-32,9
GB,United Kingdom,,,,,,ChIJqZHHQhE7WgIReiWIMkOg-MQ,06/07/2021,-16,5,48,-38,-32,10
GB,United Kingdom,,,,,,ChIJqZHHQhE7WgIReiWIMkOg-MQ,07/07/2021,-12,7,58,-36,-32,9
GB,United Kingdom,,,,,,ChIJqZHHQhE7WgIReiWIMkOg-MQ,08/07/2021,-12,7,82,-36,-32,9
GB,United Kingdom,,,,,,ChIJqZHHQhE7WgIReiWIMkOg-MQ,09/07/2021,-14,7,75,-32,-31,8
GB,United Kingdom,,,,,,ChIJqZHHQhE7WgIReiWIMkOg-MQ,10/07/2021,-20,3,48,-28,-7,3
GB,United Kingdom,,,,,,ChIJqZHHQhE7WgIReiWIMkOg-MQ,11/07/2021,-14,5,55,-23,-1,0
GB,United Kingdom,,,,,,ChIJqZHHQhE7WgIReiWIMkOg-MQ,12/07/2021,-16,0,56,-37,-38,10
GB,United Kingdom,,,,,,ChIJqZHHQhE7WgIReiWIMkOg-MQ,13/07/2021,-13,7,87,-36,-34,9
GB,United Kingdom,,,,,,ChIJqZHHQhE7WgIReiWIMkOg-MQ,14/07/2021,-10,8,89,-35,-33,9
GB,United Kingdom,,,,,,ChIJqZHHQhE7WgIReiWIMkOg-MQ,15/07/2021,-11,10,96,-35,-33,9
GB,United Kingdom,,,,,,ChIJqZHHQhE7WgIReiWIMkOg-MQ,16/07/2021,-13,10,98,-30,-32,7
GB,United Kingdom,,,,,,ChIJqZHHQhE7WgIReiWIMkOg-MQ,17/07/2021,-23,5,83,-24,-8,1
GB,United Kingdom,,,,,,ChIJqZHHQhE7WgIReiWIMkOg-MQ,18/07/2021,-16,4,93,-22,-4,0
GB,United Kingdom,,,,,,ChIJqZHHQhE7WgIReiWIMkOg-MQ,19/07/2021,-7,12,100,-34,-37,8
GB,United Kingdom,,,,,,ChIJqZHHQhE7WgIReiWIMkOg-MQ,20/07/2021,-10,11,100,-36,-37,9
GB,United Kingdom,,,,,,ChIJqZHHQhE7WgIReiWIMkOg-MQ,21/07/2021,-9,10,96,-35,-37,9
GB,United Kingdom,,,,,,ChIJqZHHQhE7WgIReiWIMkOg-MQ,22/07/2021,-9,11,105,-35,-38,9
GB,United Kingdom,,,,,,ChIJqZHHQhE7WgIReiWIMkOg-MQ,23/07/2021,-11,8,93,-31,-38,8
GB,United Kingdom,,,,,,ChIJqZHHQhE7WgIReiWIMkOg-MQ,24/07/2021,-20,0,56,-25,-7,2
GB,United Kingdom,,,,,,ChIJqZHHQhE7WgIReiWIMkOg-MQ,25/07/2021,-14,-2,68,-22,-3,1
GB,United Kingdom,,,,,,ChIJqZHHQhE7WgIReiWIMkOg-MQ,26/07/2021,-4,8,118,-34,-42,9
GB,United Kingdom,,,,,,ChIJqZHHQhE7WgIReiWIMkOg-MQ,27/07/2021,-8,6,84,-37,-41,10
GB,United Kingdom,,,,,,ChIJqZHHQhE7WgIReiWIMkOg-MQ,28/07/2021,-7,5,64,-38,-41,11
GB,United Kingdom,,,,,,ChIJqZHHQhE7WgIReiWIMkOg-MQ,29/07/2021,-4,8,102,-35,-41,9
GB,United Kingdom,,,,,,ChIJqZHHQhE7WgIReiWIMkOg-MQ,30/07/2021,-11,4,49,-33,-40,9
GB,United Kingdom,,,,,,ChIJqZHHQhE7WgIReiWIMkOg-MQ,31/07/2021,-17,0,52,-22,-7,1
GB,United Kingdom,,,,,,ChIJqZHHQhE7WgIReiWIMkOg-MQ,01/08/2021,-9,-1,70,-20,-3,0
GB,United Kingdom,,,,,,ChIJqZHHQhE7WgIReiWIMkOg-MQ,02/08/2021,-1,7,110,-33,-43,9
GB,United Kingdom,,,,,,ChIJqZHHQhE7WgIReiWIMkOg-MQ,03/08/2021,-3,7,119,-35,-42,9
GB,United Kingdom,,,,,,ChIJqZHHQhE7WgIReiWIMkOg-MQ,04/08/2021,-3,7,113,-34,-41,9
GB,United Kingdom,,,,,,ChIJqZHHQhE7WgIReiWIMkOg-MQ,05/08/2021,-7,6,74,-37,-42,10
GB,United Kingdom,,,,,,ChIJqZHHQhE7WgIReiWIMkOg-MQ,06/08/2021,-11,4,60,-33,-41,9
GB,United Kingdom,,,,,,ChIJqZHHQhE7WgIReiWIMkOg-MQ,07/08/2021,-19,-2,34,-24,-9,2
GB,United Kingdom,,,,,,ChIJqZHHQhE7WgIReiWIMkOg-MQ,08/08/2021,-13,-2,45,-22,-4,1
GB,United Kingdom,,,,,,ChIJqZHHQhE7WgIReiWIMkOg-MQ,09/08/2021,-3,6,88,-34,-42,9
GB,United Kingdom,,,,,,ChIJqZHHQhE7WgIReiWIMkOg-MQ,10/08/2021,-1,8,122,-33,-41,9
GB,United Kingdom,,,,,,ChIJqZHHQhE7WgIReiWIMkOg-MQ,11/08/2021,-3,6,100,-34,-41,9
GB,United Kingdom,,,,,,ChIJqZHHQhE7WgIReiWIMkOg-MQ,12/08/2021,-2,8,111,-33,-41,9
GB,United Kingdom,,,,,,ChIJqZHHQhE7WgIReiWIMkOg-MQ,13/08/2021,-8,6,90,-29,-40,8
GB,United Kingdom,,,,,,ChIJqZHHQhE7WgIReiWIMkOg-MQ,14/08/2021,-16,0,70,-18,-8,0
GB,United Kingdom,,,,,,ChIJqZHHQhE7WgIReiWIMkOg-MQ,15/08/2021,-9,0,75,-16,-3,0
GB,United Kingdom,,,,,,ChIJqZHHQhE7WgIReiWIMkOg-MQ,16/08/2021,-2,7,100,-32,-42,8
GB,United Kingdom,,,,,,ChIJqZHHQhE7WgIReiWIMkOg-MQ,17/08/2021,-5,6,87,-35,-42,9
GB,United Kingdom,,,,,,ChIJqZHHQhE7WgIReiWIMkOg-MQ,18/08/2021,-3,6,95,-34,-39,9
GB,United Kingdom,,,,,,ChIJqZHHQhE7WgIReiWIMkOg-MQ,19/08/2021,-5,7,98,-33,-40,9
GB,United Kingdom,,,,,,ChIJqZHHQhE7WgIReiWIMkOg-MQ,20/08/2021,-8,5,88,-29,-39,7
GB,United Kingdom,,,,,,ChIJqZHHQhE7WgIReiWIMkOg-MQ,21/08/2021,-18,-2,34,-22,-9,2
GB,United Kingdom,,,,,,ChIJqZHHQhE7WgIReiWIMkOg-MQ,22/08/2021,-10,-1,72,-17,-2,0
GB,United Kingdom,,,,,,ChIJqZHHQhE7WgIReiWIMkOg-MQ,23/08/2021,0,7,118,-31,-41,8
GB,United Kingdom,,,,,,ChIJqZHHQhE7WgIReiWIMkOg-MQ,24/08/2021,-2,7,117,-32,-40,8
GB,United Kingdom,,,,,,ChIJqZHHQhE7WgIReiWIMkOg-MQ,25/08/2021,-1,8,109,-32,-40,8
GB,United Kingdom,,,,,,ChIJqZHHQhE7WgIReiWIMkOg-MQ,26/08/2021,-1,9,109,-31,-40,8
GB,United Kingdom,,,,,,ChIJqZHHQhE7WgIReiWIMkOg-MQ,27/08/2021,-5,9,98,-26,-40,7
GB,United Kingdom,,,,,,ChIJqZHHQhE7WgIReiWIMkOg-MQ,28/08/2021,-14,1,82,-15,-8,0
GB,United Kingdom,,,,,,ChIJqZHHQhE7WgIReiWIMkOg-MQ,29/08/2021,-2,0,98,-12,-3,-1
GB,United Kingdom,,,,,,ChIJqZHHQhE7WgIReiWIMkOg-MQ,30/08/2021,1,-3,124,-41,-70,14
GB,United Kingdom,,,,,,ChIJqZHHQhE7WgIReiWIMkOg-MQ,31/08/2021,-3,12,72,-33,-40,9
GB,United Kingdom,,,,,,ChIJqZHHQhE7WgIReiWIMkOg-MQ,01/09/2021,-4,9,69,-33,-36,9
GB,United Kingdom,,,,,,ChIJqZHHQhE7WgIReiWIMkOg-MQ,02/09/2021,-5,9,77,-32,-35,8
GB,United Kingdom,,,,,,ChIJqZHHQhE7WgIReiWIMkOg-MQ,03/09/2021,-8,7,70,-27,-33,7
GB,United Kingdom,,,,,,ChIJqZHHQhE7WgIReiWIMkOg-MQ,04/09/2021,-13,2,59,-19,-5,1
GB,United Kingdom,,,,,,ChIJqZHHQhE7WgIReiWIMkOg-MQ,05/09/2021,-5,3,89,-15,-1,0
GB,United Kingdom,,,,,,ChIJqZHHQhE7WgIReiWIMkOg-MQ,06/09/2021,-3,10,87,-27,-33,7
GB,United Kingdom,,,,,,ChIJqZHHQhE7WgIReiWIMkOg-MQ,07/09/2021,-6,10,98,-28,-32,7
GB,United Kingdom,,,,,,ChIJqZHHQhE7WgIReiWIMkOg-MQ,08/09/2021,-6,9,83,-28,-31,7
GB,United Kingdom,,,,,,ChIJqZHHQhE7WgIReiWIMkOg-MQ,09/09/2021,-10,8,56,-29,-31,7
GB,United Kingdom,,,,,,ChIJqZHHQhE7WgIReiWIMkOg-MQ,10/09/2021,-10,7,54,-24,-29,6
GB,United Kingdom,,,,,,ChIJqZHHQhE7WgIReiWIMkOg-MQ,11/09/2021,-12,3,61,-16,-5,1
GB,United Kingdom,,,,,,ChIJqZHHQhE7WgIReiWIMkOg-MQ,12/09/2021,-7,3,70,-16,-2,0
GB,United Kingdom,,,,,,ChIJqZHHQhE7WgIReiWIMkOg-MQ,13/09/2021,-6,8,64,-26,-32,7
GB,United Kingdom,,,,,,ChIJqZHHQhE7WgIReiWIMkOg-MQ,14/09/2021,-12,5,42,-29,-33,8
GB,United Kingdom,,,,,,ChIJqZHHQhE7WgIReiWIMkOg-MQ,15/09/2021,-6,9,67,-27,-31,7
GB,United Kingdom,,,,,,ChIJqZHHQhE7WgIReiWIMkOg-MQ,16/09/2021,-7,8,79,-27,-32,6
GB,United Kingdom,,,,,,ChIJqZHHQhE7WgIReiWIMkOg-MQ,17/09/2021,-9,7,62,-24,-32,6
GB,United Kingdom,,,,,,ChIJqZHHQhE7WgIReiWIMkOg-MQ,18/09/2021,-12,2,65,-16,-7,0
GB,United Kingdom,,,,,,ChIJqZHHQhE7WgIReiWIMkOg-MQ,19/09/2021,-9,1,49,-18,-5,1
GB,United Kingdom,,,,,,ChIJqZHHQhE7WgIReiWIMkOg-MQ,20/09/2021,-6,8,70,-27,-33,6
GB,United Kingdom,,,,,,ChIJqZHHQhE7WgIReiWIMkOg-MQ,21/09/2021,-8,8,71,-28,-32,7
GB,United Kingdom,,,,,,ChIJqZHHQhE7WgIReiWIMkOg-MQ,22/09/2021,-7,7,61,-27,-29,7
GB,United Kingdom,,,,,,ChIJqZHHQhE7WgIReiWIMkOg-MQ,23/09/2021,-8,8,59,-28,-29,7
GB,United Kingdom,,,,,,ChIJqZHHQhE7WgIReiWIMkOg-MQ,24/09/2021,-7,11,61,-22,-30,5
GB,United Kingdom,,,,,,ChIJqZHHQhE7WgIReiWIMkOg-MQ,25/09/2021,-13,2,46,-14,-7,1
GB,United Kingdom,,,,,,ChIJqZHHQhE7WgIReiWIMkOg-MQ,26/09/2021,-9,2,60,-13,-4,1
GB,United Kingdom,,,,,,ChIJqZHHQhE7WgIReiWIMkOg-MQ,27/09/2021,-11,7,34,-27,-32,8
GB,United Kingdom,,,,,,ChIJqZHHQhE7WgIReiWIMkOg-MQ,28/09/2021,-14,5,20,-29,-32,8
GB,United Kingdom,,,,,,ChIJqZHHQhE7WgIReiWIMkOg-MQ,29/09/2021,-10,7,35,-29,-31,7
GB,United Kingdom,,,,,,ChIJqZHHQhE7WgIReiWIMkOg-MQ,30/09/2021,-11,6,15,-30,-31,8
GB,United Kingdom,,,,,,ChIJqZHHQhE7WgIReiWIMkOg-MQ,01/10/2021,-10,6,27,-26,-30,7
GB,United Kingdom,,,,,,ChIJqZHHQhE7WgIReiWIMkOg-MQ,02/10/2021,-18,-3,-13,-25,-10,3
GB,United Kingdom,,,,,,ChIJqZHHQhE7WgIReiWIMkOg-MQ,03/10/2021,-8,1,30,-19,-5,2
GB,United Kingdom,,,,,,ChIJqZHHQhE7WgIReiWIMkOg-MQ,04/10/2021,-10,4,29,-30,-32,7
GB,United Kingdom,,,,,,ChIJqZHHQhE7WgIReiWIMkOg-MQ,05/10/2021,-14,3,18,-32,-32,8
GB,United Kingdom,,,,,,ChIJqZHHQhE7WgIReiWIMkOg-MQ,06/10/2021,-9,5,38,-30,-30,7
GB,United Kingdom,,,,,,ChIJqZHHQhE7WgIReiWIMkOg-MQ,07/10/2021,-10,5,35,-30,-30,7
GB,United Kingdom,,,,,,ChIJqZHHQhE7WgIReiWIMkOg-MQ,08/10/2021,-10,5,37,-26,-29,6
GB,United Kingdom,,,,,,ChIJqZHHQhE7WgIReiWIMkOg-MQ,09/10/2021,-11,1,37,-19,-7,1
GB,United Kingdom,,,,,,ChIJqZHHQhE7WgIReiWIMkOg-MQ,10/10/2021,-8,-1,48,-19,-5,1
GB,United Kingdom,,,,,,ChIJqZHHQhE7WgIReiWIMkOg-MQ,11/10/2021,-8,5,45,-29,-31,7
GB,United Kingdom,,,,,,ChIJqZHHQhE7WgIReiWIMkOg-MQ,12/10/2021,-12,5,33,-30,-30,7
GB,United Kingdom,,,,,,ChIJqZHHQhE7WgIReiWIMkOg-MQ,13/10/2021,-10,4,33,-30,-30,7
GB,United Kingdom,,,,,,ChIJqZHHQhE7WgIReiWIMkOg-MQ,14/10/2021,-11,5,37,-30,-29,7
GB,United Kingdom,,,,,,ChIJqZHHQhE7WgIReiWIMkOg-MQ,15/10/2021,-9,6,38,-26,-29,6
GB,United Kingdom,,,,,,ChIJqZHHQhE7WgIReiWIMkOg-MQ,16/10/2021,-12,0,26,-21,-8,2
GB,United Kingdom,,,,,,ChIJqZHHQhE7WgIReiWIMkOg-MQ,17/10/2021,-10,-2,29,-21,-6,2
GB,United Kingdom,,,,,,ChIJqZHHQhE7WgIReiWIMkOg-MQ,18/10/2021,-11,3,22,-31,-32,8
GB,United Kingdom,,,,,,ChIJqZHHQhE7WgIReiWIMkOg-MQ,19/10/2021,-13,3,21,-31,-31,8
GB,United Kingdom,,,,,,ChIJqZHHQhE7WgIReiWIMkOg-MQ,20/10/2021,-11,3,19,-31,-31,8
GB,United Kingdom,,,,,,ChIJqZHHQhE7WgIReiWIMkOg-MQ,21/10/2021,-9,6,37,-30,-30,7
GB,United Kingdom,,,,,,ChIJqZHHQhE7WgIReiWIMkOg-MQ,22/10/2021,-10,5,29,-26,-31,7
GB,United Kingdom,,,,,,ChIJqZHHQhE7WgIReiWIMkOg-MQ,23/10/2021,-13,1,23,-19,-9,2
GB,United Kingdom,,,,,,ChIJqZHHQhE7WgIReiWIMkOg-MQ,24/10/2021,-9,-2,31,-19,-7,2
GB,United Kingdom,,,,,,ChIJqZHHQhE7WgIReiWIMkOg-MQ,25/10/2021,-1,6,61,-30,-40,8
GB,United Kingdom,,,,,,ChIJqZHHQhE7WgIReiWIMkOg-MQ,26/10/2021,-4,6,50,-31,-39,9
GB,United Kingdom,,,,,,ChIJqZHHQhE7WgIReiWIMkOg-MQ,27/10/2021,-2,5,46,-31,-39,9
GB,United Kingdom,,,,,,ChIJqZHHQhE7WgIReiWIMkOg-MQ,28/10/2021,-2,7,49,-30,-39,8
GB,United Kingdom,,,,,,ChIJqZHHQhE7WgIReiWIMkOg-MQ,29/10/2021,-6,6,26,-28,-39,8
GB,United Kingdom,,,,,,ChIJqZHHQhE7WgIReiWIMkOg-MQ,30/10/2021,-12,3,14,-19,-10,1
GB,United Kingdom,,,,,,ChIJqZHHQhE7WgIReiWIMkOg-MQ,31/10/2021,-13,1,-4,-21,-7,2
GB,United Kingdom,,,,,,ChIJqZHHQhE7WgIReiWIMkOg-MQ,01/11/2021,-10,4,17,-30,-31,8
GB,United Kingdom,,,,,,ChIJqZHHQhE7WgIReiWIMkOg-MQ,02/11/2021,-10,6,24,-29,-29,7
GB,United Kingdom,,,,,,ChIJqZHHQhE7WgIReiWIMkOg-MQ,03/11/2021,-10,5,13,-30,-28,8
GB,United Kingdom,,,,,,ChIJqZHHQhE7WgIReiWIMkOg-MQ,04/11/2021,-10,7,21,-29,-28,7
GB,United Kingdom,,,,,,ChIJqZHHQhE7WgIReiWIMkOg-MQ,05/11/2021,-10,7,34,-26,-28,7
GB,United Kingdom,,,,,,ChIJqZHHQhE7WgIReiWIMkOg-MQ,06/11/2021,-14,0,12,-21,-9,3
GB,United Kingdom,,,,,,ChIJqZHHQhE7WgIReiWIMkOg-MQ,07/11/2021,-7,1,27,-18,-6,1
GB,United Kingdom,,,,,,ChIJqZHHQhE7WgIReiWIMkOg-MQ,08/11/2021,-10,5,17,-29,-29,7
GB,United Kingdom,,,,,,ChIJqZHHQhE7WgIReiWIMkOg-MQ,09/11/2021,-11,6,19,-30,-28,7
GB,United Kingdom,,,,,,ChIJqZHHQhE7WgIReiWIMkOg-MQ,10/11/2021,-11,5,9,-30,-27,8
GB,United Kingdom,,,,,,ChIJqZHHQhE7WgIReiWIMkOg-MQ,11/11/2021,-10,6,21,-29,-27,7
GB,United Kingdom,,,,,,ChIJqZHHQhE7WgIReiWIMkOg-MQ,12/11/2021,-11,5,6,-27,-28,7
GB,United Kingdom,,,,,,ChIJqZHHQhE7WgIReiWIMkOg-MQ,13/11/2021,-11,2,16,-20,-8,2
GB,United Kingdom,,,,,,ChIJqZHHQhE7WgIReiWIMkOg-MQ,14/11/2021,-7,1,27,-18,-6,1
GB,United Kingdom,,,,,,ChIJqZHHQhE7WgIReiWIMkOg-MQ,15/11/2021,-9,6,18,-29,-29,7
GB,United Kingdom,,,,,,ChIJqZHHQhE7WgIReiWIMkOg-MQ,16/11/2021,-11,5,14,-29,-28,7
GB,United Kingdom,,,,,,ChIJqZHHQhE7WgIReiWIMkOg-MQ,17/11/2021,-9,5,16,-29,-27,7
GB,United Kingdom,,,,,,ChIJqZHHQhE7WgIReiWIMkOg-MQ,18/11/2021,-9,7,18,-29,-27,7
GB,United Kingdom,,,,,,ChIJqZHHQhE7WgIReiWIMkOg-MQ,19/11/2021,-8,7,19,-25,-27,7
GB,United Kingdom,,,,,,ChIJqZHHQhE7WgIReiWIMkOg-MQ,20/11/2021,-10,1,11,-18,-8,2
GB,United Kingdom,,,,,,ChIJqZHHQhE7WgIReiWIMkOg-MQ,21/11/2021,-6,0,20,-18,-6,1
GB,United Kingdom,,,,,,ChIJqZHHQhE7WgIReiWIMkOg-MQ,22/11/2021,-8,6,18,-29,-29,7
GB,United Kingdom,,,,,,ChIJqZHHQhE7WgIReiWIMkOg-MQ,23/11/2021,-10,6,15,-29,-28,7
GB,United Kingdom,,,,,,ChIJqZHHQhE7WgIReiWIMkOg-MQ,24/11/2021,-9,5,8,-29,-27,8
GB,United Kingdom,,,,,,ChIJqZHHQhE7WgIReiWIMkOg-MQ,25/11/2021,-6,8,17,-28,-27,7
GB,United Kingdom,,,,,,ChIJqZHHQhE7WgIReiWIMkOg-MQ,26/11/2021,-7,6,0,-26,-29,7
GB,United Kingdom,,,,,,ChIJqZHHQhE7WgIReiWIMkOg-MQ,27/11/2021,-16,-3,-20,-26,-10,4
GB,United Kingdom,,,,,,ChIJqZHHQhE7WgIReiWIMkOg-MQ,28/11/2021,-8,0,3,-20,-6,2
GB,United Kingdom,,,,,,ChIJqZHHQhE7WgIReiWIMkOg-MQ,29/11/2021,-7,6,4,-31,-30,8
GB,United Kingdom,,,,,,ChIJqZHHQhE7WgIReiWIMkOg-MQ,30/11/2021,-7,10,5,-30,-28,8
GB,United Kingdom,,,,,,ChIJqZHHQhE7WgIReiWIMkOg-MQ,01/12/2021,-8,6,0,-30,-28,8
GB,United Kingdom,,,,,,ChIJqZHHQhE7WgIReiWIMkOg-MQ,02/12/2021,-7,7,11,-30,-27,8
GB,United Kingdom,,,,,,ChIJqZHHQhE7WgIReiWIMkOg-MQ,03/12/2021,-7,6,5,-26,-28,7
GB,United Kingdom,,,,,,ChIJqZHHQhE7WgIReiWIMkOg-MQ,04/12/2021,-12,-1,-4,-20,-8,3
GB,United Kingdom,,,,,,ChIJqZHHQhE7WgIReiWIMkOg-MQ,05/12/2021,-7,0,-1,-20,-5,2
GB,United Kingdom,,,,,,ChIJqZHHQhE7WgIReiWIMkOg-MQ,06/12/2021,-8,6,-4,-32,-30,8
GB,United Kingdom,,,,,,ChIJqZHHQhE7WgIReiWIMkOg-MQ,07/12/2021,-14,2,-12,-34,-28,9
GB,United Kingdom,,,,,,ChIJqZHHQhE7WgIReiWIMkOg-MQ,08/12/2021,-8,6,-4,-32,-26,8
GB,United Kingdom,,,,,,ChIJqZHHQhE7WgIReiWIMkOg-MQ,09/12/2021,-5,9,10,-30,-26,7
GB,United Kingdom,,,,,,ChIJqZHHQhE7WgIReiWIMkOg-MQ,10/12/2021,-6,7,5,-26,-26,7
GB,United Kingdom,,,,,,ChIJqZHHQhE7WgIReiWIMkOg-MQ,11/12/2021,-12,1,-10,-20,-5,2
GB,United Kingdom,,,,,,ChIJqZHHQhE7WgIReiWIMkOg-MQ,12/12/2021,-7,1,5,-20,-2,2
GB,United Kingdom,,,,,,ChIJqZHHQhE7WgIReiWIMkOg-MQ,13/12/2021,-4,11,6,-33,-30,8
GB,United Kingdom,,,,,,ChIJqZHHQhE7WgIReiWIMkOg-MQ,14/12/2021,-6,12,8,-34,-29,9
GB,United Kingdom,,,,,,ChIJqZHHQhE7WgIReiWIMkOg-MQ,15/12/2021,-2,13,8,-33,-29,9
GB,United Kingdom,,,,,,ChIJqZHHQhE7WgIReiWIMkOg-MQ,16/12/2021,-3,14,14,-34,-30,9
GB,United Kingdom,,,,,,ChIJqZHHQhE7WgIReiWIMkOg-MQ,17/12/2021,-6,10,7,-32,-30,9
GB,United Kingdom,,,,,,ChIJqZHHQhE7WgIReiWIMkOg-MQ,18/12/2021,-14,4,-4,-26,-6,3
GB,United Kingdom,,,,,,ChIJqZHHQhE7WgIReiWIMkOg-MQ,19/12/2021,-8,3,0,-25,-1,2
GB,United Kingdom,,,,,,ChIJqZHHQhE7WgIReiWIMkOg-MQ,20/12/2021,5,19,14,-37,-41,10
GB,United Kingdom,,,,,,ChIJqZHHQhE7WgIReiWIMkOg-MQ,21/12/2021,2,22,15,-39,-42,11
GB,United Kingdom,,,,,,ChIJqZHHQhE7WgIReiWIMkOg-MQ,22/12/2021,4,29,5,-39,-44,11
GB,United Kingdom,,,,,,ChIJqZHHQhE7WgIReiWIMkOg-MQ,23/12/2021,7,42,8,-39,-50,12
GB,United Kingdom,,,,,,ChIJqZHHQhE7WgIReiWIMkOg-MQ,24/12/2021,-17,20,-4,-49,-62,16
GB,United Kingdom,,,,,,ChIJqZHHQhE7WgIReiWIMkOg-MQ,25/12/2021,-87,-88,-49,-81,-64,11
GB,United Kingdom,,,,,,ChIJqZHHQhE7WgIReiWIMkOg-MQ,26/12/2021,-48,-50,-16,-55,-35,4
GB,United Kingdom,,,,,,ChIJqZHHQhE7WgIReiWIMkOg-MQ,27/12/2021,-15,-17,11,-54,-78,18
GB,United Kingdom,,,,,,ChIJqZHHQhE7WgIReiWIMkOg-MQ,28/12/2021,-14,-9,18,-54,-76,20
GB,United Kingdom,,,,,,ChIJqZHHQhE7WgIReiWIMkOg-MQ,29/12/2021,-11,2,5,-50,-65,18
GB,United Kingdom,,,,,,ChIJqZHHQhE7WgIReiWIMkOg-MQ,30/12/2021,-11,8,20,-49,-64,18
GB,United Kingdom,,,,,,ChIJqZHHQhE7WgIReiWIMkOg-MQ,31/12/2021,-20,9,22,-51,-64,17
GB,United Kingdom,,,,,,ChIJqZHHQhE7WgIReiWIMkOg-MQ,01/01/2022,-63,-54,3,-59,-49,11
GB,United Kingdom,,,,,,ChIJqZHHQhE7WgIReiWIMkOg-MQ,02/01/2022,-25,-12,0,-39,-15,6
GB,United Kingdom,,,,,,ChIJqZHHQhE7WgIReiWIMkOg-MQ,03/01/2022,-15,-8,32,-56,-74,21
GB,United Kingdom,,,,,,ChIJqZHHQhE7WgIReiWIMkOg-MQ,04/01/2022,-25,0,-5,-48,-42,15
GB,United Kingdom,,,,,,ChIJqZHHQhE7WgIReiWIMkOg-MQ,05/01/2022,-25,-1,0,-46,-36,14
GB,United Kingdom,,,,,,ChIJqZHHQhE7WgIReiWIMkOg-MQ,06/01/2022,-30,-4,-14,-47,-35,14
GB,United Kingdom,,,,,,ChIJqZHHQhE7WgIReiWIMkOg-MQ,07/01/2022,-28,-4,-13,-44,-32,13
GB,United Kingdom,,,,,,ChIJqZHHQhE7WgIReiWIMkOg-MQ,08/01/2022,-32,-9,-36,-44,-12,8
GB,United Kingdom,,,,,,ChIJqZHHQhE7WgIReiWIMkOg-MQ,09/01/2022,-22,-7,13,-36,-6,5
GB,United Kingdom,,,,,,ChIJqZHHQhE7WgIReiWIMkOg-MQ,10/01/2022,-22,-2,-1,-42,-31,11
GB,United Kingdom,,,,,,ChIJqZHHQhE7WgIReiWIMkOg-MQ,11/01/2022,-23,-2,1,-42,-31,11
GB,United Kingdom,,,,,,ChIJqZHHQhE7WgIReiWIMkOg-MQ,12/01/2022,-21,-1,10,-41,-30,11
GB,United Kingdom,,,,,,ChIJqZHHQhE7WgIReiWIMkOg-MQ,13/01/2022,-22,0,13,-41,-30,11
GB,United Kingdom,,,,,,ChIJqZHHQhE7WgIReiWIMkOg-MQ,14/01/2022,-21,0,7,-38,-28,10
GB,United Kingdom,,,,,,ChIJqZHHQhE7WgIReiWIMkOg-MQ,15/01/2022,-22,-5,-4,-35,-8,5
GB,United Kingdom,,,,,,ChIJqZHHQhE7WgIReiWIMkOg-MQ,16/01/2022,-19,-6,18,-33,-5,3
GB,United Kingdom,,,,,,ChIJqZHHQhE7WgIReiWIMkOg-MQ,17/01/2022,-19,-1,17,-39,-30,9
GB,United Kingdom,,,,,,ChIJqZHHQhE7WgIReiWIMkOg-MQ,18/01/2022,-22,-2,8,-38,-30,10
GB,United Kingdom,,,,,,ChIJqZHHQhE7WgIReiWIMkOg-MQ,19/01/2022,-20,-1,5,-38,-29,10
GB,United Kingdom,,,,,,ChIJqZHHQhE7WgIReiWIMkOg-MQ,20/01/2022,-19,0,13,-37,-29,10
GB,United Kingdom,,,,,,ChIJqZHHQhE7WgIReiWIMkOg-MQ,21/01/2022,-19,0,4,-35,-27,9
GB,United Kingdom,,,,,,ChIJqZHHQhE7WgIReiWIMkOg-MQ,22/01/2022,-19,-4,4,-30,-7,4
GB,United Kingdom,,,,,,ChIJqZHHQhE7WgIReiWIMkOg-MQ,23/01/2022,-19,-7,11,-30,-5,3
GB,United Kingdom,,,,,,ChIJqZHHQhE7WgIReiWIMkOg-MQ,24/01/2022,-18,-2,9,-36,-29,9
GB,United Kingdom,,,,,,ChIJqZHHQhE7WgIReiWIMkOg-MQ,25/01/2022,-20,-1,6,-36,-29,9
GB,United Kingdom,,,,,,ChIJqZHHQhE7WgIReiWIMkOg-MQ,26/01/2022,-17,-1,8,-36,-29,9
GB,United Kingdom,,,,,,ChIJqZHHQhE7WgIReiWIMkOg-MQ,27/01/2022,-17,1,15,-35,-28,9
GB,United Kingdom,,,,,,ChIJqZHHQhE7WgIReiWIMkOg-MQ,28/01/2022,-15,1,7,-32,-27,9
GB,United Kingdom,,,,,,ChIJqZHHQhE7WgIReiWIMkOg-MQ,29/01/2022,-16,-4,1,-27,-7,4
GB,United Kingdom,,,,,,ChIJqZHHQhE7WgIReiWIMkOg-MQ,30/01/2022,-12,-5,27,-26,-4,2
GB,United Kingdom,,,,,,ChIJqZHHQhE7WgIReiWIMkOg-MQ,31/01/2022,-15,0,9,-34,-29,8
GB,United Kingdom,,,,,,ChIJqZHHQhE7WgIReiWIMkOg-MQ,01/02/2022,-16,1,14,-33,-28,8
GB,United Kingdom,,,,,,ChIJqZHHQhE7WgIReiWIMkOg-MQ,02/02/2022,-15,1,12,-32,-27,9
GB,United Kingdom,,,,,,ChIJqZHHQhE7WgIReiWIMkOg-MQ,03/02/2022,-15,2,14,-33,-27,8
GB,United Kingdom,,,,,,ChIJqZHHQhE7WgIReiWIMkOg-MQ,04/02/2022,-16,1,1,-31,-26,8
GB,United Kingdom,,,,,,ChIJqZHHQhE7WgIReiWIMkOg-MQ,05/02/2022,-17,-5,-7,-26,-8,4
GB,United Kingdom,,,,,,ChIJqZHHQhE7WgIReiWIMkOg-MQ,06/02/2022,-17,-7,-9,-28,-5,3
GB,United Kingdom,,,,,,ChIJqZHHQhE7WgIReiWIMkOg-MQ,07/02/2022,-15,1,15,-32,-28,8
GB,United Kingdom,,,,,,ChIJqZHHQhE7WgIReiWIMkOg-MQ,08/02/2022,-15,1,16,-31,-28,8
GB,United Kingdom,,,,,,ChIJqZHHQhE7WgIReiWIMkOg-MQ,09/02/2022,-14,1,13,-31,-27,8
GB,United Kingdom,,,,,,ChIJqZHHQhE7WgIReiWIMkOg-MQ,10/02/2022,-14,3,15,-30,-27,8
GB,United Kingdom,,,,,,ChIJqZHHQhE7WgIReiWIMkOg-MQ,11/02/2022,-12,4,18,-27,-26,7
GB,United Kingdom,,,,,,ChIJqZHHQhE7WgIReiWIMkOg-MQ,12/02/2022,-16,-2,-2,-24,-8,3
GB,United Kingdom,,,,,,ChIJqZHHQhE7WgIReiWIMkOg-MQ,13/02/2022,-16,-4,-21,-26,-6,3
GB,United Kingdom,,,,,,ChIJqZHHQhE7WgIReiWIMkOg-MQ,14/02/2022,-4,9,19,-31,-33,8
GB,United Kingdom,,,,,,ChIJqZHHQhE7WgIReiWIMkOg-MQ,15/02/2022,-15,-2,4,-33,-33,8
GB,United Kingdom,,,,,,ChIJqZHHQhE7WgIReiWIMkOg-MQ,16/02/2022,-14,-1,5,-33,-32,9
GB,United Kingdom,,,,,,ChIJqZHHQhE7WgIReiWIMkOg-MQ,17/02/2022,-10,5,24,-30,-31,8
GB,United Kingdom,,,,,,ChIJqZHHQhE7WgIReiWIMkOg-MQ,18/02/2022,-32,-15,-27,-46,-39,14
GB,United Kingdom,,,,,,ChIJqZHHQhE7WgIReiWIMkOg-MQ,19/02/2022,-21,-4,-17,-28,-9,4
GB,United Kingdom,,,,,,ChIJqZHHQhE7WgIReiWIMkOg-MQ,20/02/2022,-22,-10,-26,-30,-7,3
GB,United Kingdom,,,,,,ChIJqZHHQhE7WgIReiWIMkOg-MQ,21/02/2022,-13,1,16,-34,-34,9
GB,United Kingdom,,,,,,ChIJqZHHQhE7WgIReiWIMkOg-MQ,22/02/2022,-11,2,23,-30,-32,8
GB,United Kingdom,,,,,,ChIJqZHHQhE7WgIReiWIMkOg-MQ,23/02/2022,-10,1,19,-31,-32,8
GB,United Kingdom,,,,,,ChIJqZHHQhE7WgIReiWIMkOg-MQ,24/02/2022,-13,0,10,-32,-32,8
GB,United Kingdom,,,,,,ChIJqZHHQhE7WgIReiWIMkOg-MQ,25/02/2022,-9,4,31,-27,-31,7
GB,United Kingdom,,,,,,ChIJqZHHQhE7WgIReiWIMkOg-MQ,26/02/2022,-12,-2,20,-20,-7,1
GB,United Kingdom,,,,,,ChIJqZHHQhE7WgIReiWIMkOg-MQ,27/02/2022,-8,-2,42,-17,-3,0
GB,United Kingdom,,,,,,ChIJqZHHQhE7WgIReiWIMkOg-MQ,28/02/2022,-14,3,5,-31,-28,7
GB,United Kingdom,,,,,,ChIJqZHHQhE7WgIReiWIMkOg-MQ,01/03/2022,-17,5,12,-32,-27,7
GB,United Kingdom,,,,,,ChIJqZHHQhE7WgIReiWIMkOg-MQ,02/03/2022,-17,0,-6,-32,-26,8
GB,United Kingdom,,,,,,ChIJqZHHQhE7WgIReiWIMkOg-MQ,03/03/2022,-16,3,12,-34,-27,7
GB,United Kingdom,,,,,,ChIJqZHHQhE7WgIReiWIMkOg-MQ,04/03/2022,-14,2,7,-30,-25,7
GB,United Kingdom,,,,,,ChIJqZHHQhE7WgIReiWIMkOg-MQ,05/03/2022,-14,-2,6,-24,-7,2
GB,United Kingdom,,,,,,ChIJqZHHQhE7WgIReiWIMkOg-MQ,06/03/2022,-11,-3,25,-22,-4,1
GB,United Kingdom,,,,,,ChIJqZHHQhE7WgIReiWIMkOg-MQ,07/03/2022,-15,1,18,-32,-27,7
GB,United Kingdom,,,,,,ChIJqZHHQhE7WgIReiWIMkOg-MQ,08/03/2022,-16,2,17,-32,-26,6
GB,United Kingdom,,,,,,ChIJqZHHQhE7WgIReiWIMkOg-MQ,09/03/2022,-17,0,8,-33,-26,7
GB,United Kingdom,,,,,,ChIJqZHHQhE7WgIReiWIMkOg-MQ,10/03/2022,-16,2,21,-32,-25,7
GB,United Kingdom,,,,,,ChIJqZHHQhE7WgIReiWIMkOg-MQ,11/03/2022,-19,-1,-1,-32,-26,7
GB,United Kingdom,,,,,,ChIJqZHHQhE7WgIReiWIMkOg-MQ,12/03/2022,-17,-3,9,-26,-7,2
GB,United Kingdom,,,,,,ChIJqZHHQhE7WgIReiWIMkOg-MQ,13/03/2022,-16,-5,9,-24,-5,1
GB,United Kingdom,,,,,,ChIJqZHHQhE7WgIReiWIMkOg-MQ,14/03/2022,-16,1,25,-32,-27,7
GB,United Kingdom,,,,,,ChIJqZHHQhE7WgIReiWIMkOg-MQ,15/03/2022,-17,0,24,-32,-26,7
GB,United Kingdom,,,,,,ChIJqZHHQhE7WgIReiWIMkOg-MQ,16/03/2022,-20,-3,-4,-34,-26,8
GB,United Kingdom,,,,,,ChIJqZHHQhE7WgIReiWIMkOg-MQ,17/03/2022,-13,2,31,-31,-27,7
GB,United Kingdom,,,,,,ChIJqZHHQhE7WgIReiWIMkOg-MQ,18/03/2022,-14,1,38,-29,-27,6
GB,United Kingdom,,,,,,ChIJqZHHQhE7WgIReiWIMkOg-MQ,19/03/2022,-16,-3,36,-23,-9,1
GB,United Kingdom,,,,,,ChIJqZHHQhE7WgIReiWIMkOg-MQ,20/03/2022,-12,-3,42,-20,-6,0
GB,United Kingdom,,,,,,ChIJqZHHQhE7WgIReiWIMkOg-MQ,21/03/2022,-15,2,31,-32,-27,7
GB,United Kingdom,,,,,,ChIJqZHHQhE7WgIReiWIMkOg-MQ,22/03/2022,-16,2,42,-31,-26,6
GB,United Kingdom,,,,,,ChIJqZHHQhE7WgIReiWIMkOg-MQ,23/03/2022,-13,2,43,-31,-26,6
GB,United Kingdom,,,,,,ChIJqZHHQhE7WgIReiWIMkOg-MQ,24/03/2022,-12,5,48,-30,-26,6
GB,United Kingdom,,,,,,ChIJqZHHQhE7WgIReiWIMkOg-MQ,25/03/2022,-11,7,45,-28,-27,5
GB,United Kingdom,,,,,,ChIJqZHHQhE7WgIReiWIMkOg-MQ,26/03/2022,-12,9,48,-19,-8,0
GB,United Kingdom,,,,,,ChIJqZHHQhE7WgIReiWIMkOg-MQ,27/03/2022,-10,0,45,-17,-4,-1
GB,United Kingdom,,,,,,ChIJqZHHQhE7WgIReiWIMkOg-MQ,28/03/2022,-14,2,33,-31,-28,7
GB,United Kingdom,,,,,,ChIJqZHHQhE7WgIReiWIMkOg-MQ,29/03/2022,-18,1,16,-32,-27,7
GB,United Kingdom,,,,,,ChIJqZHHQhE7WgIReiWIMkOg-MQ,30/03/2022,-18,0,5,-34,-26,7
GB,United Kingdom,,,,,,ChIJqZHHQhE7WgIReiWIMkOg-MQ,31/03/2022,-16,2,8,-33,-26,7
GB,United Kingdom,,,,,,ChIJqZHHQhE7WgIReiWIMkOg-MQ,01/04/2022,-16,2,11,-31,-25,6
GB,United Kingdom,,,,,,ChIJqZHHQhE7WgIReiWIMkOg-MQ,02/04/2022,-17,-2,9,-26,-8,2
GB,United Kingdom,,,,,,ChIJqZHHQhE7WgIReiWIMkOg-MQ,03/04/2022,-14,-3,26,-21,-5,1
GB,United Kingdom,,,,,,ChIJqZHHQhE7WgIReiWIMkOg-MQ,04/04/2022,-17,0,13,-34,-31,7
GB,United Kingdom,,,,,,ChIJqZHHQhE7WgIReiWIMkOg-MQ,05/04/2022,-16,1,23,-33,-30,7
GB,United Kingdom,,,,,,ChIJqZHHQhE7WgIReiWIMkOg-MQ,06/04/2022,-16,-1,10,-34,-30,8
GB,United Kingdom,,,,,,ChIJqZHHQhE7WgIReiWIMkOg-MQ,07/04/2022,-16,1,18,-33,-30,7
GB,United Kingdom,,,,,,ChIJqZHHQhE7WgIReiWIMkOg-MQ,08/04/2022,-13,5,27,-29,-30,6
GB,United Kingdom,,,,,,ChIJqZHHQhE7WgIReiWIMkOg-MQ,09/04/2022,-16,1,22,-21,-7,1
GB,United Kingdom,,,,,,ChIJqZHHQhE7WgIReiWIMkOg-MQ,10/04/2022,-10,0,42,-17,-4,0
GB,United Kingdom,,,,,,ChIJqZHHQhE7WgIReiWIMkOg-MQ,11/04/2022,-7,7,53,-30,-36,7
GB,United Kingdom,,,,,,ChIJqZHHQhE7WgIReiWIMkOg-MQ,12/04/2022,-11,5,35,-32,-36,8
GB,United Kingdom,,,,,,ChIJqZHHQhE7WgIReiWIMkOg-MQ,13/04/2022,-7,6,51,-30,-36,7
GB,United Kingdom,,,,,,ChIJqZHHQhE7WgIReiWIMkOg-MQ,14/04/2022,1,17,74,-27,-38,5
GB,United Kingdom,,,,,,ChIJqZHHQhE7WgIReiWIMkOg-MQ,15/04/2022,-10,1,98,-37,-65,12
GB,United Kingdom,,,,,,ChIJqZHHQhE7WgIReiWIMkOg-MQ,16/04/2022,-20,4,61,-23,-16,1
GB,United Kingdom,,,,,,ChIJqZHHQhE7WgIReiWIMkOg-MQ,17/04/2022,-33,-39,76,-21,-17,0
GB,United Kingdom,,,,,,ChIJqZHHQhE7WgIReiWIMkOg-MQ,18/04/2022,-5,-4,107,-42,-73,13
GB,United Kingdom,,,,,,ChIJqZHHQhE7WgIReiWIMkOg-MQ,19/04/2022,-13,6,49,-31,-35,7
GB,United Kingdom,,,,,,ChIJqZHHQhE7WgIReiWIMkOg-MQ,20/04/2022,-11,4,59,-30,-31,6
GB,United Kingdom,,,,,,ChIJqZHHQhE7WgIReiWIMkOg-MQ,21/04/2022,-10,6,66,-29,-30,6
GB,United Kingdom,,,,,,ChIJqZHHQhE7WgIReiWIMkOg-MQ,22/04/2022,-13,5,38,-28,-30,6
GB,United Kingdom,,,,,,ChIJqZHHQhE7WgIReiWIMkOg-MQ,23/04/2022,-16,2,24,-21,-6,1
GB,United Kingdom,,,,,,ChIJqZHHQhE7WgIReiWIMkOg-MQ,24/04/2022,-12,0,46,-16,-3,0
GB,United Kingdom,,,,,,ChIJqZHHQhE7WgIReiWIMkOg-MQ,25/04/2022,-12,6,30,-28,-25,5
GB,United Kingdom,,,,,,ChIJqZHHQhE7WgIReiWIMkOg-MQ,26/04/2022,-12,6,35,-26,-23,5
GB,United Kingdom,,,,,,ChIJqZHHQhE7WgIReiWIMkOg-MQ,27/04/2022,-12,6,24,-27,-23,5
GB,United Kingdom,,,,,,ChIJqZHHQhE7WgIReiWIMkOg-MQ,28/04/2022,-10,8,33,-26,-23,5
GB,United Kingdom,,,,,,ChIJqZHHQhE7WgIReiWIMkOg-MQ,29/04/2022,-8,10,40,-24,-24,4
GB,United Kingdom,,,,,,ChIJqZHHQhE7WgIReiWIMkOg-MQ,30/04/2022,-10,4,42,-15,-6,-1
GB,United Kingdom,,,,,,ChIJqZHHQhE7WgIReiWIMkOg-MQ,01/05/2022,-1,1,34,-14,-4,-1
GB,United Kingdom,,,,,,ChIJqZHHQhE7WgIReiWIMkOg-MQ,02/05/2022,0,-5,99,-40,-71,13
GB,United Kingdom,,,,,,ChIJqZHHQhE7WgIReiWIMkOg-MQ,03/05/2022,-13,9,28,-27,-25,5
GB,United Kingdom,,,,,,ChIJqZHHQhE7WgIReiWIMkOg-MQ,04/05/2022,-13,5,20,-28,-23,5
GB,United Kingdom,,,,,,ChIJqZHHQhE7WgIReiWIMkOg-MQ,05/05/2022,-7,9,50,-26,-23,4
GB,United Kingdom,,,,,,ChIJqZHHQhE7WgIReiWIMkOg-MQ,06/05/2022,-11,6,34,-26,-23,4
GB,United Kingdom,,,,,,ChIJqZHHQhE7WgIReiWIMkOg-MQ,07/05/2022,-12,2,36,-18,-4,0
GB,United Kingdom,,,,,,ChIJqZHHQhE7WgIReiWIMkOg-MQ,08/05/2022,-6,3,63,-13,-1,-1
GB,United Kingdom,,,,,,ChIJqZHHQhE7WgIReiWIMkOg-MQ,09/05/2022,-11,6,38,-27,-24,5
GB,United Kingdom,,,,,,ChIJqZHHQhE7WgIReiWIMkOg-MQ,10/05/2022,-12,7,34,-26,-23,4
GB,United Kingdom,,,,,,ChIJqZHHQhE7WgIReiWIMkOg-MQ,11/05/2022,-13,4,15,-27,-23,5
GB,United Kingdom,,,,,,ChIJqZHHQhE7WgIReiWIMkOg-MQ,12/05/2022,-10,7,40,-26,-22,4
GB,United Kingdom,,,,,,ChIJqZHHQhE7WgIReiWIMkOg-MQ,13/05/2022,-10,8,42,-25,-23,4
GB,United Kingdom,,,,,,ChIJqZHHQhE7WgIReiWIMkOg-MQ,14/05/2022,-14,3,56,-16,-5,-1
GB,United Kingdom,,,,,,ChIJqZHHQhE7WgIReiWIMkOg-MQ,15/05/2022,-11,1,25,-15,-3,0
GB,United Kingdom,,,,,,ChIJqZHHQhE7WgIReiWIMkOg-MQ,16/05/2022,-12,6,30,-27,-25,5
GB,United Kingdom,,,,,,ChIJqZHHQhE7WgIReiWIMkOg-MQ,17/05/2022,-11,6,48,-25,-23,4
GB,United Kingdom,,,,,,ChIJqZHHQhE7WgIReiWIMkOg-MQ,18/05/2022,-10,7,42,-25,-22,4
GB,United Kingdom,,,,,,ChIJqZHHQhE7WgIReiWIMkOg-MQ,19/05/2022,-9,8,55,-25,-23,4
GB,United Kingdom,,,,,,ChIJqZHHQhE7WgIReiWIMkOg-MQ,20/05/2022,-12,7,26,-25,-23,4
GB,United Kingdom,,,,,,ChIJqZHHQhE7WgIReiWIMkOg-MQ,21/05/2022,-13,3,43,-16,-5,-1
GB,United Kingdom,,,,,,ChIJqZHHQhE7WgIReiWIMkOg-MQ,22/05/2022,-8,3,56,-11,-2,-1
GB,United Kingdom,,,,,,ChIJqZHHQhE7WgIReiWIMkOg-MQ,23/05/2022,-12,7,31,-26,-24,5
GB,United Kingdom,,,,,,ChIJqZHHQhE7WgIReiWIMkOg-MQ,24/05/2022,-12,7,32,-25,-23,5
GB,United Kingdom,,,,,,ChIJqZHHQhE7WgIReiWIMkOg-MQ,25/05/2022,-10,7,23,-25,-23,5
GB,United Kingdom,,,,,,ChIJqZHHQhE7WgIReiWIMkOg-MQ,26/05/2022,-8,9,37,-24,-23,4
GB,United Kingdom,,,,,,ChIJqZHHQhE7WgIReiWIMkOg-MQ,27/05/2022,-7,9,54,-21,-24,3
GB,United Kingdom,,,,,,ChIJqZHHQhE7WgIReiWIMkOg-MQ,28/05/2022,-13,4,48,-13,-6,-2
GB,United Kingdom,,,,,,ChIJqZHHQhE7WgIReiWIMkOg-MQ,29/05/2022,-7,2,47,-9,-3,-1
GB,United Kingdom,,,,,,ChIJqZHHQhE7WgIReiWIMkOg-MQ,30/05/2022,-2,8,54,-26,-36,6
GB,United Kingdom,,,,,,ChIJqZHHQhE7WgIReiWIMkOg-MQ,31/05/2022,-1,11,51,-26,-35,6
GB,United Kingdom,,,,,,ChIJqZHHQhE7WgIReiWIMkOg-MQ,01/06/2022,9,20,74,-21,-36,4
GB,United Kingdom,,,,,,ChIJqZHHQhE7WgIReiWIMkOg-MQ,02/06/2022,7,10,151,-30,-67,10
GB,United Kingdom,,,,,,ChIJqZHHQhE7WgIReiWIMkOg-MQ,03/06/2022,-13,-5,112,-36,-68,12
GB,United Kingdom,,,,,,ChIJqZHHQhE7WgIReiWIMkOg-MQ,04/06/2022,-23,-3,51,-20,-14,0
GB,United Kingdom,,,,,,ChIJqZHHQhE7WgIReiWIMkOg-MQ,05/06/2022,-21,-4,17,-15,-6,0
GB,United Kingdom,,,,,,ChIJqZHHQhE7WgIReiWIMkOg-MQ,06/06/2022,-12,8,37,-28,-29,6
GB,United Kingdom,,,,,,ChIJqZHHQhE7WgIReiWIMkOg-MQ,07/06/2022,-12,8,46,-24,-25,5
GB,United Kingdom,,,,,,ChIJqZHHQhE7WgIReiWIMkOg-MQ,08/06/2022,-12,8,31,-25,-24,5
GB,United Kingdom,,,,,,ChIJqZHHQhE7WgIReiWIMkOg-MQ,09/06/2022,-11,8,40,-24,-24,5
GB,United Kingdom,,,,,,ChIJqZHHQhE7WgIReiWIMkOg-MQ,10/06/2022,-10,8,50,-22,-24,4
GB,United Kingdom,,,,,,ChIJqZHHQhE7WgIReiWIMkOg-MQ,11/06/2022,-15,3,45,-15,-4,-1
GB,United Kingdom,,,,,,ChIJqZHHQhE7WgIReiWIMkOg-MQ,12/06/2022,-8,4,55,-10,-1,-1
